{
  "pages/account/edit-payment-method": "{{#partial \"page\"}}\n\n    {{> components/common/breadcrumbs breadcrumbs=breadcrumbs}}\n\n    <h2 class=\"page-heading\">{{lang 'forms.payment_methods.edit.heading'}}</h2>\n\n    <!-- {{> components/account/navigation account_page='payment_methods'}} -->\n\n    <div class=\"account account--fixed\">\n        {{#if forms.error}}\n            {{> components/common/alert/alert-error forms.error}}\n        {{/if}}\n\n        {{#with customer.edit_stored_instrument}}\n            <form action=\"{{forms.action}}\" data-address-form class=\"form\" method=\"post\">\n                <input type=\"hidden\" name=\"token\" value=\"{{token}}\">\n                <input type=\"hidden\" name=\"currency_code\" value=\"{{../currency_selector.active_currency_code}}\">\n                <input type=\"hidden\" name=\"type\" value=\"{{type}}\">\n\n                <h3 class=\"paymentMethodForm-heading\">{{lang 'account.payment_methods.payment_method'}}</h3>\n\n                <div class=\"paymentMethodForm\">\n                    {{#if type '===' 'stored_card'}}\n                        <dl class=\"paymentMethodForm-details\">\n                            <dt class=\"paymentMethodForm-details-term\">{{lang 'account.payment_methods.credit_card_number'}}</dt>\n                            <dd class=\"paymentMethodForm-details-description\">**** **** **** {{last_4}}</dd>\n                        </dl>\n                        <dl class=\"paymentMethodForm-details\">\n                            <dt class=\"paymentMethodForm-details-term\">{{lang 'account.payment_methods.expiration'}}</dt>\n                            <dd class=\"paymentMethodForm-details-description\">{{expiry_month}}/{{expiry_year}}</dd>\n                        </dl>\n                    {{/if}}\n                    {{#if type '===' 'stored_paypal_account'}}\n                        <div class=\"form-field\">\n                            <h3 class=\"paymentMethodForm-heading\">\n                                {{lang 'account.payment_methods.paypal'}} {{lang 'common.account'}}\n                            </h3>\n                            <p>\n                                {{email}}\n                            </p>\n                        </div>\n                    {{/if}}\n                    <div class=\"form-field\">\n                        <input type=\"checkbox\" value=\"default_instrument\" name=\"is_default\" id=\"default_instrument\" data-label=\"{{lang 'forms.payment_methods.default_instrument'}}\" class=\"form-checkbox\" {{#if is_default}}checked{{/if}}>\n                        <label class=\"form-label\" for=\"default_instrument\">{{lang 'forms.payment_methods.default_instrument'}}</label>\n                        <input type=\"checkbox\" value=\"default_instrument\" name=\"default_instrument\" id=\"default_instrument\" data-label=\"{{lang 'forms.payment_methods.default_instrument'}}\" class=\"form-checkbox\" {{#if customer.payment_methods.selected_payment_method.default_instrument}}checked{{/if}}>\n                    </div>\n                </div>\n\n                {{#if type '===' 'stored_card'}}\n                    <h3 class=\"paymentMethodForm-heading\">{{lang 'account.payment_methods.billing_address'}}</h3>\n\n                    <fieldset class=\"form-fieldset\">\n                        <div class=\"form-row form-row--half\">\n                            {{#each forms.billing_fields}}\n                                {{{dynamicComponent 'components/common/forms'}}}\n                            {{/each}}\n                        </div>\n                    </fieldset>\n                {{/if}}\n                <div class=\"form-actions\">\n                    <input type=\"submit\" class=\"button button--primary\" value=\"{{lang 'forms.payment_methods.submit_value'}}\">\n                    <a href=\"{{../urls.account.payment_methods.all}}\" class=\"button\">{{lang 'common.cancel'}}</a>\n                    {{inject 'required' (lang 'common.required')}}\n                    {{inject 'state_error' (lang 'errors.state_error')}}\n                </div>\n            </form>\n        {{/with}}\n    </div>\n{{/partial}}\n{{> layout/base}}\n",
  "components/common/breadcrumbs": "<nav aria-label=\"Breadcrumb\">\n    <ol class=\"breadcrumbs\">\n        {{#unless theme_settings.hide_breadcrumbs }}\n            {{#each breadcrumbs}}\n            {{#if name '===' 'Your Account'}}\n                <li class=\"breadcrumb {{#if @last}}is-active{{/if}}\">\n                    <a class=\"breadcrumb-label\"\n                    href=\"{{lang 'account.url'}}\"\n                    {{#if @last}}aria-current=\"page\"{{/if}}\n                    >\n                        <span>{{lang 'account.breadcrumb'}}</span>\n                    </a>\n                </li>\n            {{else if name '===' 'My Account'}}\n                <li class=\"breadcrumb {{#if @last}}is-active{{/if}}\">\n                    <a class=\"breadcrumb-label\"\n                    href=\"{{lang 'account.url'}}\"\n                    {{#if @last}}aria-current=\"page\"{{/if}}\n                    >\n                        <span>{{lang 'account.breadcrumb'}}</span>\n                    </a>\n                </li> \n            {{else}}\n                <li class=\"breadcrumb {{#if @last}}is-active{{/if}}\">\n                    <a class=\"breadcrumb-label\"\n                    href=\"{{url}}\"\n                    {{#if @last}}aria-current=\"page\"{{/if}}\n                    >\n                        <span>{{#if ../isLookbook '==' 'true'}}{{#if name '==' 'Edit Wishlist'}}Edit Lookbook{{else}}{{name}}{{/if}}{{else}}{{name}}{{/if}}</span>\n                    </a>\n                </li>\n            {{/if}}\n            {{/each}}\n        {{/unless}}\n    </ol>\n</nav>\n\n<script type=\"application/ld+json\">\n{\n    \"@context\": \"https://schema.org\",\n    \"@type\": \"BreadcrumbList\",\n    \"itemListElement\":\n    [\n        {{#each breadcrumbs}}\n        {\n            \"@type\": \"ListItem\",\n            \"position\": {{add @index 1}},\n            \"item\": {\n                \"@id\": {{{JSONstringify url}}},\n                \"name\": {{{JSONstringify name}}}\n            }\n        }{{#unless @last}},{{/unless}}\n        {{/each}}\n    ]\n}\n</script>\n",
  "components/account/navigation": "<nav class=\"navBar navBar--sub navBar--account\">\n    <ul class=\"navBar-section\">\n        <li class=\"navBar-item {{#if account_page '===' 'orders'}}is-active{{/if}}\">\n            <a class=\"navBar-action\" href=\"{{urls.account.orders.all}}\">{{lang 'account.nav.orders'}}</a>\n        </li>\n        {{#if settings.returns_enabled}}\n            <li class=\"navBar-item {{#if account_page '===' 'returns'}}is-active{{/if}}\">\n                <a class=\"navBar-action\" href=\"{{urls.account.returns}}\">{{lang 'account.nav.returns'}}</a>\n            </li>\n        {{/if}}\n        <li class=\"navBar-item {{#if account_page '===' 'messages'}}is-active{{/if}}\">\n            <a class=\"navBar-action\" href=\"{{urls.account.inbox}}\">{{lang 'account.nav.messages' num_new_messages=customer.num_new_messages}}</a>\n        </li>\n        <li class=\"navBar-item {{#if account_page '===' 'addresses'}}is-active{{/if}}\">\n            <a class=\"navBar-action\" href=\"{{urls.account.addresses}}\">{{lang 'account.nav.addresses'}}</a>\n        </li>\n        {{#if settings.show_payment_methods}}\n            <li class=\"navBar-item {{#if account_page '===' 'payment_methods'}}is-active{{/if}}\">\n                <a class=\"navBar-action\" href=\"{{urls.account.payment_methods.all}}\">{{lang 'account.nav.payment_methods'}}</a>\n            </li>\n        {{/if}}\n        {{#if settings.show_wishlist}}\n            <li class=\"navBar-item {{#if account_page '===' 'wishlists'}}is-active{{/if}}\">\n                <a class=\"navBar-action\" href=\"{{urls.account.wishlists.all}}\">{{lang 'account.nav.wishlists'}}</a>\n            </li>\n        {{/if}}\n        <li class=\"navBar-item {{#if account_page '===' 'recent_items'}}is-active{{/if}}\">\n            <a class=\"navBar-action\" href=\"{{urls.account.recent_items}}\">{{lang 'account.nav.recently_viewed'}}</a>\n        </li>\n        <li class=\"navBar-item {{#if account_page '===' 'settings'}}is-active{{/if}}\">\n            <a class=\"navBar-action\" href=\"{{urls.account.details}}\">{{lang 'account.nav.settings'}}</a>\n        </li>\n    </ul>\n</nav>\n",
  "components/common/alert/alert-error": "<div class=\"alertBox alertBox--error\">\n    <div class=\"alertBox-column alertBox-icon\">\n        <icon glyph=\"ic-error\" class=\"icon\" aria-hidden=\"true\"><svg xmlns=\"http://www.w3.org/2000/svg\" width=\"24\" height=\"24\" viewBox=\"0 0 24 24\"><path d=\"M12 2C6.48 2 2 6.48 2 12s4.48 10 10 10 10-4.48 10-10S17.52 2 12 2zm1 15h-2v-2h2v2zm0-4h-2V7h2v6z\"></path></svg></icon>\n    </div>\n    <p class=\"alertBox-column alertBox-message\">\n        <span id=\"alertBox-message-text\">{{{this}}}</span>\n    </p>\n</div>\n",
  "layout/base": "<!DOCTYPE html>\r\n<html class=\"no-js\" lang=\"{{ locale_name }}\">\r\n    <head>\r\n        <title>{{ head.title }}</title>\r\n        {{{ resourceHints }}}\r\n        {{{ head.meta_tags }}}\r\n        {{{ head.config }}}\r\n        {{#block \"head\"}} {{/block}}\r\n\r\n        <style type=\"text/css\" media=\"screen, print\">\r\n            @font-face {\r\n                font-family: \"Northwell\";\r\n                src: url(\"{{cdn 'fonts/Northwell.ttf'}}\");\r\n            }\r\n            @font-face {\r\n                font-family: \"Poppins-Regular\";\r\n                src: url(\"{{cdn 'fonts/Poppins-Regular.ttf'}}\");\r\n            }\r\n        </style>\r\n\r\n        <link href=\"{{ head.favicon }}\" rel=\"shortcut icon\">\r\n        <meta name=\"viewport\" content=\"width=device-width, initial-scale=1\">\r\n        <script src=\"https://cdnjs.cloudflare.com/ajax/libs/gsap/3.11.5/gsap.min.js\"></script>\r\n        <script src=\"https://cdnjs.cloudflare.com/ajax/libs/gsap/3.11.5/ScrollTrigger.min.js\"></script>\r\n\r\n        <script>\r\n            {{!-- Change document class from no-js to js so we can detect this in css --}}\r\n            document.documentElement.className = document.documentElement.className.replace('no-js', 'js');\r\n        </script>\r\n\r\n        {{> components/common/polyfill-script }}\r\n        <script>window.consentManagerTranslations = `{{{langJson 'consent_manager'}}}`;</script>\r\n\r\n        {{!-- Load Lazysizes script ASAP so images will appear --}}\r\n        <script>\r\n            {{!-- Only load visible elements until the onload event fires, after which preload nearby elements. --}}\r\n            window.lazySizesConfig = window.lazySizesConfig || {};\r\n            window.lazySizesConfig.loadMode = 1;\r\n        </script>\r\n        <script async src=\"{{cdn 'assets/dist/theme-bundle.head_async.js' resourceHint='preload' as='script'}}\"></script>\r\n        \r\n        {{getFontsCollection font-display='block'}}\r\n        \r\n        <script async src=\"{{cdn 'assets/dist/theme-bundle.font.js' resourceHint='preload' as='script'}}\"></script>\r\n\r\n        {{{stylesheet '/assets/css/theme.css'}}}\r\n\r\n        {{{head.scripts}}}\r\n\r\n        {{~inject 'zoomSize' theme_settings.zoom_size}}\r\n        {{~inject 'productSize' theme_settings.product_size}}\r\n        {{~inject 'genericError' (lang 'common.generic_error')}}\r\n        {{~inject 'urls' urls}}\r\n        {{~inject 'secureBaseUrl' settings.secure_base_url}}\r\n        {{~inject 'cartId' cart_id}}\r\n        {{~inject 'template' template}}\r\n        {{~inject 'validationDictionaryJSON' (langJson 'validation_messages')}}\r\n        {{~inject 'validationFallbackDictionaryJSON' (langJson 'validation_fallback_messages')}}\r\n        {{~inject 'validationDefaultDictionaryJSON' (langJson 'validation_default_messages')}}\r\n        {{~inject 'carouselArrowAndDotAriaLabel' (lang 'carousel.arrow_and_dot_aria_label')}}\r\n        {{~inject 'carouselActiveDotAriaLabel' (lang 'carousel.active_dot_aria_label')}}\r\n        {{~inject 'carouselContentAnnounceMessage' (lang 'carousel.content_announce_message')}}\r\n        {{~inject 'themeSetting' theme_settings}}\r\n        {{~inject 'storefrontAPIToken' settings.storefront_api.token}}\r\n        {{~inject 'customer' customer}}\r\n        {{~inject 'pzAPIEndpoint' theme_settings.pz_api_endpoint}}\r\n        {{~inject 'productsResults' product_results.products}}\r\n        {{~inject 'productsFeatured' products.featured}}\r\n        {{~inject 'categoryProducts' category.products}}\r\n        {{~inject 'pageType' page_type}}\r\n        {{~inject 'outOfStock' (lang 'common.out_of_stock_message')}}\r\n        {{~inject 'product' product}}\r\n        {{~inject 'priceRange' theme_settings.facet_price_range}}\r\n        {{~inject 'subscription_products_ids' theme_settings.subscription_products_ids}}\r\n        {{~inject 'club_pink' (lang 'products.members_exclusivity.club_pink')}}\r\n        {{~inject 'preferred' (lang 'products.members_exclusivity.preferred')}}\r\n        {{~inject 'exclusive' (lang 'products.members_exclusivity.exclusive')}}\r\n        {{inject 'scentflirt_ids' theme_settings.scentflirt_products_ids}}\r\n    </head>\r\n    <body class=\"{{currency_selector.active_currency_code}}\">\r\n        <svg data-src=\"{{cdn 'img/icon-sprite.svg'}}\" class=\"icons-svg-sprite\"></svg>\r\n\r\n        <div id=\"fb-root\"></div>\r\n        <script src=\"https://connect.facebook.net/en_US/sdk.js\"></script>\r\n        <script>\r\n            window.fbAsyncInit = function() {\r\n                FB.init({\r\n                    appId            : {{theme_settings.facebook_app_id}},\r\n                    cookie           : true,\r\n                    autoLogAppEvents : true,\r\n                    xfbml            : true,\r\n                    version          : 'v17.0'\r\n                });\r\n            };\r\n        </script>\r\n\r\n        {{#block \"pz_header\"}}\r\n        {{> components/common/header }}\r\n        {{/block}}\r\n        {{> components/common/body }}\r\n        {{> components/common/footer }}\r\n\r\n        <script>window.__webpack_public_path__ = \"{{cdn 'assets/dist/'}}\";</script>\r\n        <script>\r\n            {{!-- Exported in app.js --}}\r\n            function onThemeBundleMain() {\r\n                window.stencilBootstrap(\"{{page_type}}\", {{jsContext}}).load();\r\n            }\r\n        </script>\r\n        <script async defer src=\"{{cdn 'assets/dist/theme-bundle.main.js' resourceHint='preload' as='script'}}\" onload=\"onThemeBundleMain()\"></script>\r\n\r\n        {{{footer.scripts}}}\r\n    </body>\r\n</html>\r\n",
  "components/common/forms/checkbox": "<div class=\"form-field\" id=\"{{id}}\" data-validation=\"{{validation}}\" {{#if private_id}}data-type=\"{{private_id}}\"{{/if}}>\n    <label class=\"form-label\" for=\"{{id}}\">{{label}}\n        {{#if required}}\n            <small>{{lang 'common.required' }}</small>\n        {{/if}}\n    </label>\n    {{#if checkboxes}}\n        {{#each checkboxes}}\n            <input type=\"checkbox\"\n                   value=\"{{value}}\"\n                   name=\"{{name}}\"\n                   id=\"{{name}}\"\n                   data-input\n                   data-label=\"{{label}}\"\n                   class=\"form-checkbox\"\n                   aria-labelledby=\"{{id}}\"\n                   aria-live=\"polite\"\n                   {{#if checked}}checked{{/if}}\n                   {{#if private_id}}data-field-type=\"{{private_id}}\"{{/if}}\n            >\n            <label class=\"form-label {{class}}\" for=\"{{name}}\">{{label}}</label>\n        {{/each}}\n    {{/if}}\n</div>\n",
  "components/common/forms/number": "<div class=\"form-field\" id=\"{{id}}\" data-validation=\"{{validation}}\">\n    <label class=\"form-label\" for=\"{{id}}_input\">{{label}}\n        {{#if required}}<small>{{lang 'common.required' }}</small>{{/if}}\n    </label>\n    <input type=\"number\"\n           class=\"form-input\"\n           data-label=\"{{label}}\"\n           data-input\n           data-rule=\"lowerThan\"\n           min=\"{{limitfrom}}\"\n           max=\"{{limitto}}\"\n           title=\"{{lang 'forms.range' limitFrom=limitfrom limitTo=limitto}}\"\n           value=\"{{value}}\"\n           id=\"{{id}}_input\"\n           name=\"{{name}}\"\n           aria-required=\"{{required}}\"\n           aria-labelledby=\"{{id}}\"\n           aria-live=\"polite\"\n           {{#if private_id}}data-field-type=\"{{private_id}}\"{{/if}}\n    >\n</div>\n",
  "components/common/forms/date-options": "{{#unless this.value}}\n    <option value=\"\">---</option>\n    {{#each this.items}}\n        <option value=\"{{value}}\">{{label}}</option>\n    {{/each}}\n{{else}}\n    {{#unless this.isRequired}}\n        <option value=\"\">---</option>\n    {{/unless}}\n    {{#each this.items}}\n        <option {{#if ../this.value '==' value}} selected {{/if}}value=\"{{value}}\">{{label}}</option>\n    {{/each}}\n{{/unless}}\n",
  "components/common/forms/multiline": "<div class=\"form-field\" id=\"{{id}}\" data-validation=\"{{validation}}\">\n    <label class=\"form-label\" for=\"{{id}}_input\">{{label}}\n        {{#if required}}\n        <small>\n            {{#if show_required_text}}\n              {{lang 'common.required_text'}}\n            {{else}}\n              {{lang 'common.required'}}\n            {{/if}}\n        </small>\n        {{/if}}\n    </label>\n    <textarea name=\"{{name}}\"\n        id=\"{{id}}_input\"\n        data-label=\"{{label}}\"\n        rows=\"{{rows}}\"\n        aria-required=\"{{required}}\"\n        aria-labelledby=\"{{id}}\"\n        aria-live=\"polite\"\n        data-input\n        class=\"form-input\"\n        {{#if private_id}}data-field-type=\"{{private_id}}\"{{/if}}\n    >{{value}}</textarea>\n</div>\n",
  "components/common/forms/password": "<div class=\"form-field\" id=\"{{id}}\" data-validation=\"{{validation}}\" {{#if private_id}}data-type=\"{{private_id}}\"{{/if}}>\n    <label class=\"form-label\" for=\"{{id}}_input\">{{label}}\n        {{#if required}}\n            <small>{{lang 'common.required' }}</small>\n        {{/if}}\n    </label>\n    <input type=\"password\"\n           class=\"form-input\"\n           id=\"{{id}}_input\"\n           data-label=\"{{label}}\"\n           name=\"{{name}}\"\n           value=\"{{value}}\"\n           autocomplete=\"off\"\n           aria-required=\"{{required}}\"\n           aria-labelledby=\"{{id}}\"\n           aria-live=\"polite\"\n           {{#if private_id}}data-field-type=\"{{private_id}}\"{{/if}}\n    >\n</div>\n",
  "components/common/forms/radio": "<div class=\"form-field\" id=\"{{id}}\" data-validation=\"{{validation}}\">\n    <label class=\"form-label\">{{label}}\n        {{#if required}}\n            <small>{{lang 'common.required' }}</small>\n        {{/if}}\n    </label>\n    {{#if radios}}\n        {{#each radios}}\n            <input\n                type=\"radio\"\n                class=\"form-radio\"\n                name=\"{{../name}}\"\n                id=\"{{../name}}_{{@index}}\"\n                value=\"{{value}}\"\n                data-label=\"{{label}}\"\n                data-input\n                aria-required=\"{{required}}\"\n                aria-labelledby=\"{{id}}\"\n                aria-live=\"polite\"\n                {{#if checked}}checked{{/if}}\n                {{#if private_id}}data-field-type=\"{{private_id}}\"{{/if}}\n            >\n            <label class=\"form-label\" for=\"{{../name}}_{{@index}}\">{{label}}</label>\n        {{/each}}\n    {{/if}}\n</div>\n",
  "components/common/forms/date": "<div class=\"form-field\" id=\"{{id}}\" data-validation=\"{{validation}}\" {{#if private_id}}data-type=\"{{private_id}}\"{{/if}}>\n    <label class=\"form-label\" for=\"{{id}}\">\n        {{label}}\n        {{#if required}}\n            <small>{{lang 'common.required' }}</small>\n        {{/if}}\n    </label>\n    <div class=\"form-row form-row--third\">\n        <div class=\"form-field\">\n            <select class=\"form-select\"\n                    name=\"{{month.name}}\"\n                    id=\"{{id}}_month\"\n                    data-label=\"month\"\n                    data-input\n                    aria-required=\"{{required}}\"\n                    aria-labelledby=\"{{id}}\"\n                    aria-live=\"polite\"\n                    {{#if private_id}}data-field-type=\"{{private_id}}\"{{/if}}\n            >\n            {{> components/common/forms/date-options month isRequired=required}}\n            </select>\n        </div>\n        <div class=\"form-field\">\n            <select class=\"form-select\"\n                    name=\"{{day.name}}\"\n                    id=\"{{id}}_day\"\n                    data-label=\"day\"\n                    data-input\n                    aria-required=\"{{required}}\"\n                    aria-labelledby=\"{{id}}\"\n                    aria-live=\"polite\"\n                    {{#if private_id}}data-field-type=\"{{private_id}}\"{{/if}}\n            >\n            {{> components/common/forms/date-options day isRequired=required}}\n            </select>\n        </div>\n        <div class=\"form-field\">\n            <select class=\"form-select\"\n                    name=\"{{year.name}}\"\n                    id=\"{{id}}_year\"\n                    data-label=\"year\"\n                    data-input\n                    aria-required=\"{{required}}\"\n                    aria-labelledby=\"{{id}}\"\n                    aria-live=\"polite\"\n                    {{#if private_id}}data-field-type=\"{{private_id}}\"{{/if}}\n            >\n            {{> components/common/forms/date-options year isRequired=required}}\n            </select>\n        </div>\n    </div>\n</div>\n",
  "components/common/forms/text": "<div class=\"form-field\" id=\"{{id}}\" data-validation=\"{{validation}}\" {{#if private_id}}data-type=\"{{private_id}}\"{{/if}}>\n    <label class=\"form-label\" for=\"{{id}}_input\">{{label}}\n        {{#if required}}\n        <small>\n            {{#if show_required_text}}\n              {{lang 'common.required_text'}}\n            {{else}}\n              {{lang 'common.required'}}\n            {{/if}}\n        </small>\n        {{/if}}\n    </label>\n    <input type=\"text\"\n           name=\"{{name}}\"\n           id=\"{{id}}_input\"\n           class=\"form-input\"\n           data-label=\"{{label}}\"\n           data-input\n           aria-required=\"{{required}}\"\n           aria-labelledby=\"{{id}}\"\n           aria-live=\"polite\"\n           {{#if value}} value=\"{{value}}\"{{/if}}\n           {{#if maxlength}}maxlength=\"{{maxlength}}\"{{/if}}\n           {{#if placeholder}} placeholder=\"{{placeholder}}\"{{/if}}\n           {{#if private_id}}data-field-type=\"{{private_id}}\"{{/if}}\n    >\n</div>\n",
  "components/common/forms/select": "<div class=\"form-field\" id=\"{{id}}\" data-validation=\"{{validation}}\" {{#if private_id}} data-type=\"{{private_id}}\"\n    {{/if}}>\n    <label class=\"form-label\" for=\"{{id}}_select\">{{label}}\n        {{#if required}}<small>{{lang 'common.required' }}</small>{{/if}}\n    </label>\n    <select class=\"{{class}} form-select\"\n            id=\"{{id}}_select\"\n            data-label=\"{{label}}\"\n            data-input\n            aria-required=\"{{required}}\"\n            aria-labelledby=\"{{id}}\"\n            aria-live=\"polite\"\n            name=\"{{name}}\"\n            {{#if private_id}} data-field-type=\"{{private_id}}\" {{/if}}\n    >\n        {{#if options}}\n        <option value=\"\">{{chooseprefix}}</option>\n        {{#each options}}\n        <option {{#if selected}} selected {{/if}} value=\"{{value}}\">{{{label}}}</option>\n        {{/each}}\n        {{/if}}\n    </select>\n</div>\n",
  "components/common/forms/selectortext": "<div class=\"form-field\" id=\"{{id}}\" data-validation=\"{{validation}}\" {{#if private_id}}data-type=\"{{private_id}}\"{{/if}}>\n    <noscript>\n        <label class=\"form-label\" for=\"{{id}}_input\">{{label}}\n            {{#if required}}<small>{{lang 'common.required' }}</small>{{/if}}\n        </label>\n        <input type=\"text\"\n               id=\"{{id}}_input\"\n               name=\"{{name}}\"\n               value=\"{{value}}\"\n               class=\"form-input\"\n               aria-required=\"{{required}}\"\n               aria-labelledby=\"{{id}}\"\n               aria-live=\"polite\"\n               data-label=\"{{label}}\"\n               data-input\n        />\n    </noscript>\n\n    <label class=\"form-label\" for=\"{{id}}_select\">{{label}}\n        {{#if required}}\n            <small>{{lang 'common.required'}}</small>\n        {{/if}}\n    </label>\n    <select name=\"{{name}}\"\n            class=\"form-select\"\n            aria-required=\"{{required}}\"\n            aria-labelledby=\"{{id}}\"\n            aria-live=\"polite\"\n            id=\"{{id}}_select\"\n            data-label=\"{{label}}\"\n            data-input\n            {{#if private_id}}data-field-type=\"{{private_id}}\"{{/if}}\n    >\n        {{#if options}}\n            <option value=\"\">{{chooseprefix}}</option>\n            {{#each options}}\n                <option {{#if selected}} selected {{/if}}value=\"{{value}}\">{{label}}</option>\n            {{/each}}\n        {{/if}}\n    </select>\n</div>\n",
  "components/common/polyfill-script": "<script>\n    {{!--\n        Check for modern browser features, and load polyfills if browser does not appear to support features\n        we need.\n\n            Polyfill approach is all or nothing - please import needed polyfills in /assets/js/polyfills.js\n\n        Inspired by https://philipwalton.com/articles/loading-polyfills-only-when-needed/\n            --}}\n    function browserSupportsAllFeatures() {\n        return window.Promise\n            && window.fetch\n            && window.URL\n            && window.URLSearchParams\n            && window.WeakMap\n            // object-fit support\n            && ('objectFit' in document.documentElement.style);\n    }\n\n    function loadScript(src) {\n        var js = document.createElement('script');\n        js.src = src;\n        js.onerror = function () {\n            console.error('Failed to load polyfill script ' + src);\n        };\n        document.head.appendChild(js);\n    }\n\n    if (!browserSupportsAllFeatures()) {\n        loadScript('{{cdn 'assets/dist/theme-bundle.polyfills.js'}}');\n    }\n</script>\n",
  "components/common/header": "<a href=\"#main-content\" class=\"skip-to-main-link\">{{lang 'header.skip_to_main'}}</a>\n<div class=\"header-container\">\n    {{#if banners.top}}\n    <div class=\"banners\" data-banner-location=\"top\">\n        {{#each (limit banners.top_metadata 1)}}\n        <div class=\"banner\" data-event-type=\"promotion\" data-entity-id=\"{{this.id}}\" data-name=\"{{this.banner-name}}\" data-position=\"{{this.location}}\" data-banner-id=\"{{this.banner-name}}\">\n            <div data-event-type=\"promotion-click\">\n                {{{this.content}}}\n            </div>\n        </div>\n        {{/each}}\n    </div>\n    {{/if}}\n    <header class=\"header\" role=\"banner\">\n        {{> components/common/navigation}}\n\n        {{{region name=\"header_navigation_bottom--global\"}}}\n    </header>\n    {{{region name=\"header_bottom--global\"}}}\n    {{{region name=\"header_bottom\"}}}\n</div>\n",
  "components/common/footer": "{{#if banners.bottom}}\n    {{#if settings.data_tag_enabled}}\n        <div class=\"banners\" data-banner-location=\"bottom\">\n            {{#each (limit banners.bottom_metadata 1)}}\n                <div class=\"banner\" data-event-type=\"promotion\" data-entity-id=\"{{this.id}}\" data-name=\"{{this.banner-name}}\" data-position=\"{{this.location}}\" data-name=\"{{this.banner-name}}\">\n                    <div data-event-type=\"promotion-click\">\n                        {{{this.content}}}\n                    </div>\n                </div>\n            {{/each}}\n        </div>\n    {{else}}\n        <div class=\"banners\" data-banner-location=\"bottom\">\n            <div class=\"banner\">\n                {{{limit banners.bottom 1}}}\n            </div>\n        </div>\n    {{/if}}\n\n{{/if}}\n<footer class=\"footer\" role=\"contentinfo\">\n    <h2 class=\"footer-title-sr-only\">{{lang 'footer.title'}}</h2>\n    <div class=\"container\">\n        {{#if theme_settings.social_icon_placement_bottom '!==' 'bottom_none'}}\n            <article class=\"footer-info-col\n                footer-info-col--social\n                footer-info-col--{{#if theme_settings.social_icon_placement_bottom '===' 'bottom_left'}}left{{else}}right{{/if}}\"\n                data-section-type=\"footer-webPages\">\n                    <h3 class=\"footer-info-heading\">{{lang 'social.connect'}}</h3>\n                    {{> components/common/social-links}}\n            </article>\n        {{/if}}\n        <section class=\"footer-info\">\n            <div class=\"footer-info-wrapper\">\n                <article class=\"footer-info-col info-col-subscribe mobile-version\" data-section-type=\"newsletterSubscription\">\n                    {{#if settings.show_newsletter_box}}\n                        {{> components/common/subscription-form}}\n                    {{/if}}\n                </article>\n            <article class=\"footer-info-col footer-info-col--small logo-section-wrapper\" data-section-type=\"footer-categories\">\n                    <div class=\"logo-section\">\n                        <svg class=\"footer--logo\"></svg>\n                        <p class=\"footer-logo-down-text\">{{lang 'footer.how_founded'}}</p>\n                    </div>\n            </article>\n            <div class=\"mobile-version\">\n                {{> components/common/social-links position=\"footer\"}}\n            </div>\n            \n            <article class=\"footer-info-col footer-info-col--small links-section mobile-version\" data-section-type=\"footer-categories\">\n                <div class=\"have-questions-block\">\n                    <h3 class=\"footer-info-heading\">{{lang 'footer.have_questions.title'}}</h3>\n                    {{> components/common/have-questions-items-wrapper}}\n                </div>\n            </article>\n            <article class=\"footer-info-col footer-info-col--small links-section\" data-section-type=\"footer-categories\">\n                {{> components/common/footer-mobile-button name=(lang 'footer.links_section.buttons_titles.quick_links')}}\n                <div class=\"content\">\n                    {{{region name=\"footer-info-col-1--global\"}}}\n                </div>\n            </article>\n            <article class=\"footer-info-col footer-info-col--small links-section\" data-section-type=\"footer-categories\">\n                {{> components/common/footer-mobile-button name=(lang 'footer.links_section.buttons_titles.customer_care')}}\n                <div class=\"content\">\n                    {{{region name=\"footer-info-col-2--global\"}}}\n                </div>\n            </article>\n            <article class=\"footer-info-col footer-info-col--small links-section\" data-section-type=\"footer-categories\">\n                {{> components/common/footer-mobile-button name=(lang 'footer.links_section.buttons_titles.company')}}\n                <div class=\"content\">\n                    {{{region name=\"footer-info-col-3--global\"}}}\n                </div>\n            </article>\n            <article class=\"footer-info-col info-col-subscribe web-version\" data-section-type=\"newsletterSubscription\">\n                {{#if settings.show_newsletter_box}}\n                    {{> components/common/subscription-form}}\n                {{/if}}\n            </article>        \n            </div>\n        </section>\n    </div>\n    <div class=\"web-version\">\n        {{> components/common/social-links position=\"footer\"}}\n    </div>\n    <div class=\"copyright-wrapper\">\n        {{#if settings.paypal_commerce_credit_message}}\n        <div class=\"footer-copyright\">\n            <p class=\"paypal-credit\">{{nl2br settings.paypal_commerce_credit_message}}</p>\n        </div>\n        {{/if}}\n        <div class=\"footer-copyright\">\n            <div class=\"footer-copyright-paragraphs-wrapper\">\n            {{#if theme_settings.show_copyright_footer}}\n                <div class=\"footer-copyright\">\n                    <p class=\"powered-by\">{{lang 'footer.copyright_content'}} &copy; {{moment format=\"YYYY\"}} {{settings.store_name}} {{lang 'footer.all_rights_reserved'}}</p>\n                </div>\n            {{/if}}\n            </div>\n        </div>\n    </div>\n    </div>\n    {{{region name=\"ssl_site_seal--global\"}}}\n</footer>\n<a  class=\"back-to-top-button-wrapper\" href=\"#\">\n    <span class=\"back-to-top-button\">\n        <span class=\"to-top-button-span\">{{lang 'footer.top_button'}}</span>\n        <svg class=\"arrow-up\">\n            <use href=\"#icon-north\"/>\n        </svg>\n    </span>\n</a>\n<script>\n    const coll = document.getElementsByClassName(\"collapsible\");\n    for (let i = 0; i < coll.length; i++) {\n      coll[i].addEventListener(\"click\", function() {\n        this.classList.toggle(\"active\");\n        const content = this.nextElementSibling;\n        if (content.style.maxHeight){\n          content.style.maxHeight = null;\n        } else {\n          content.style.maxHeight = content.scrollHeight + \"px\";\n        } \n      });\n    };\n    \n    const phone = `{{> components/common/phone-link-item}}`;\n    const email = `{{> components/common/email-link-item}}`;\n    const headingLink = document.querySelector('.custom-care');\n    const phoneElement = document.createElement(\"li\");\n    phoneElement.innerHTML = phone;\n    headingLink?.after(phoneElement);\n    const emailElement = document.createElement(\"li\");\n    emailElement.innerHTML = email;\n    phoneElement.after(emailElement);\n</script>\n",
  "components/common/body": "<main class=\"body\" id=\"main-content\" role=\"main\" data-currency-code=\"{{currency_selector.active_currency_code}}\">\n    {{#block \"hero\"}} {{/block}}\n    <div class=\"container\">\n        {{#block \"page\"}} {{/block}}\n    </div>\n    {{> components/common/modal/modal}}\n    {{> components/common/alert/alert-modal}}\n</main>\n",
  "components/common/social-links": "{{#if social_media}}\n<div class=\"socialLinks-wrapper\">\n    <p class=\"sosial-links-paragraph\">{{lang 'social.sprinkle'}}</p>\n    <ul class=\"socialLinks socialLinks--alt\">\n        {{#each social_media}}\n            <li class=\"socialLinks-item\">\n                <a class=\"icon icon--{{display_name}}\"\n                   href=\"{{url}}\"\n                   target=\"_blank\"\n                   rel=\"noopener\"\n                   title=\"{{{capitalize display_name}}}\"\n                >\n                    <span class=\"aria-description--hidden\">{{{capitalize display_name}}}</span>\n                    <svg class=\"{{display_name}}-icon\">\n                        <use href=\"#icon-{{display_name}}\"/>\n                    </svg>\n                </a>\n            </li>\n        {{/each}}\n    </ul>\n</div>\n{{/if}}\n",
  "components/common/navigation": "<!--\n=============================================================================\n DESKTOP HEADER\n=============================================================================\n-->\n<!-- <nav class=\"navUser navUser--desktop\">\n  \n\n  <ul class=\"navUser-section navUser-section--alt\">\n    \n\n    <li class=\"navUser-item navUser-item--account consultant-header find-consultant\">\n      <a\n        class=\"navUser-action open-find-consultant\"\n        aria-label=\"{{lang 'common.find_a_consultant'}}\"\n      >\n        {{lang 'common.find_a_consultant'}}\n      </a>\n    </li>\n\n    <li class=\"navUser-item navUser-item--becomeConsultant\">\n      <a\n        class=\"navUser-action\"\n        href=\"/become-a-consultant/\"\n        aria-label=\"{{lang 'common.become_a_consultant'}}\"\n      >\n        {{lang 'common.become_a_consultant'}}\n      </a>\n    </li>\n\n    <li class=\"navUser-item navUser-item--viewCatalog\">\n      <a\n        class=\"navUser-action\"\n        href=\"https://content.yudu.com/web/3yw6c/0A3yw6e/SpringSummer2023/html/index.html\"\n        target=\"_blank\"\n        aria-label=\"{{lang 'common.view_catalog'}}\"\n      >\n        {{lang 'common.view_catalog'}}\n      </a>\n    </li>\n\n    \n  </ul>\n\n  <div\n    class=\"dropdown dropdown--quickSearch\"\n    id=\"quickSearch\"\n    aria-hidden=\"true\"\n    data-prevent-quick-search-close\n  >\n    {{> components/common/quick-search name='nav-quick-search' isMobile=false}}\n  </div>\n</nav>\n -->\n<nav class=\"navUser--main navUser--desktop\">\n  <div class=\"consultant-parties hidden\">\n    {{> components/consultant/my-parties }}\n  </div>\n  {{#if page_type '===' 'default'}}\n    <h1 class=\"header-logo header-logo--{{theme_settings.logo-position}}\">\n        {{> components/common/store-logo isDesktop=true}}\n    </h1>\n  {{else}}\n    <div class=\"header-logo header-logo--{{theme_settings.logo-position}}\">\n        {{> components/common/store-logo isDesktop=true}}\n    </div>\n  {{/if}}\n  <ul class=\"navUser-section\">\n    {{#if customer.store_credit.value '>' 0}}\n      <li class=\"navUser-item\">\n        <a\n          class=\"navUser-action navUser-action--storeCredit\"\n          data-dropdown=\"storeCredit-dropdown\"\n          data-options=\"align:bottom\"\n          href=\"{{urls.cart}}\"\n          aria-label=\"{{lang 'common.store_credit_overview' credit=customer.store_credit.formatted}}\"\n        >\n          <span class=\"navUser-action-divider\">\n            {{lang 'common.store_credit_overview'\n            credit=customer.store_credit.formatted}}\n          </span>\n        </a>\n        <div\n          class=\"dropdown-menu\"\n          id=\"storeCredit-dropdown\"\n          data-dropdown-content\n          aria-hidden=\"true\"\n        >\n          {{{lang 'common.store_credit'\n          store_credit=customer.store_credit.formatted}}}\n        </div>\n      </li>\n    {{/if}}\n\n    <!-- compare -->\n    <li class=\"navUser-item\">\n      <a\n        class=\"navUser-action navUser-item--compare\"\n        href=\"{{urls.compare}}\"\n        data-compare-nav\n        aria-label=\"{{lang 'common.compare'}}\"\n      >\n        {{lang 'common.compare'}}\n        <span class=\"countPill countPill--positive countPill--alt\"></span>\n      </a>\n    </li>\n\n    <!-- social icons -->\n    {{#if theme_settings.social_icon_placement_top}}\n      <li class=\"navUser-item navUser-item--social\">\n        {{> components/common/social-links}}\n      </li>\n      <li class=\"navUser-item navUser-item--divider\">|</li>\n    {{/if}}\n\n    <!-- gift certificate -->\n    {{#if settings.gift_certificates_enabled}}\n      <li class=\"navUser-item\">\n        <a\n          class=\"navUser-action\"\n          href=\"{{urls.gift_certificate.purchase}}\"\n          aria-label=\"{{lang 'common.gift_cert'}}\"\n        >\n          {{lang 'common.gift_cert'}}\n        </a>\n      </li>\n    {{/if}}\n\n\n    <!-- search -->\n    <li class=\"navUser-item quick-search\" style=\"margin-top: 3rem; margin-right: 2rem;\">\n      <span class=\"navUser-action navUser-action--quickSearch\">\n      </span>\n      <form\n        class=\"\"\n        onsubmit=\"return false\"\n        data-url=\"{{urls.search}}\"\n        data-quick-search-form\n      >\n        <fieldset class=\"form-fieldset\">\n          <div class=\"\">\n            <label class=\"is-srOnly\" for=\"{{name}}\">\n              {{lang \"search.quick_search.input_label\"}}\n            </label>\n            <input\n              class=\"form-input\"\n              data-search-quick\n              data-search=\"quickSearch\"\n              id=\"quick-search-expand\"\n              aria-controls=\"quickSearch\"\n              name=\"{{name}}\"\n              data-error-message=\"{{lang 'search.error.empty_field'}}\"\n              placeholder=\"{{lang 'search.quick_search.input_placeholder'}}\"\n              autocomplete=\"off\"\n            />\n          </div>\n        </fieldset>\n      </form>\n    </li>\n\n\n    <!-- Currency -->\n    {{#or customer (unless settings.hide_price_from_guests)}}\n      {{>components/common/currency-selector-large}}\n    {{/or}}\n    <!-- Currency -->\n\n    <!-- login/register -->\n    <li class=\"navUser-item navUser-item--account\">\n      {{#if customer}}\n        <a\n          class=\"navUser-action\"\n          href=\"/my-account/\"\n          aria-label=\"{{lang 'common.account'}}\"\n        >\n          <span class=\"navUser-item-accountLabel\">\n            <!-- icono filled -->\n            <svg width=\"24px\" height=\"24px\"><use xlink:href=\"#icon-user-fill\"></use></svg>\n            <p class=\"user-name\">{{lang 'Hi! '}}{{first (split customer.name \" \") }}</p>\n          </span>\n          <!-- {{lang 'common.account'}} -->\n        </a>\n        <!-- <a\n          class=\"navUser-action\"\n          href=\"{{urls.auth.logout}}\"\n          aria-label=\"{{lang 'common.logout'}}\"\n        >\n          {{lang 'common.logout'}}\n        </a> -->\n      {{else}}\n        <a\n          class=\"navUser-action navUser-login\"\n          href=\"{{urls.auth.login}}\"\n          aria-label=\"{{lang 'common.login'}}\"\n        >\n          <span class=\"navUser-item-accountLabel\">\n            <svg width=\"24px\" height=\"24px\"><use xlink:href=\"#icon-user\"></use></svg>\n            <p class=\"login-text\">{{lang 'common.login'}}/{{lang 'common.sign_up'}}</p>\n          </span>\n        </a>\n        <!-- {{#if settings.account_creation_enabled}}\n          <span class=\"navUser-or\">{{lang 'common.or'}}</span>\n          <a\n            class=\"navUser-action\"\n            href=\"{{urls.auth.create_account}}\"\n            aria-label=\"{{lang 'common.sign_up'}}\"\n          >\n            {{lang 'common.sign_up'}}\n          </a>\n        {{/if}} -->\n      {{/if}}\n    </li>\n\n    <!-- cart -->\n    <li class=\"navUser-item navUser-item--cart\">\n      <a\n        class=\"navUser-action\"\n        data-cart-preview\n        data-dropdown=\"cart-preview-dropdown\"\n        data-options=\"align:right\"\n        href=\"{{urls.cart}}\"\n        aria-label=\"{{lang 'cart.nav_aria_label'}}\"\n      >\n        <span class=\"navUser-item-cartLabel\">\n          <svg width=\"24px\" height=\"24px\"><use xlink:href=\"#icon-cart\"></use></svg>\n          <span class=\"countPill cart-quantity\"></span>\n          <p class=\"cart-text\"></p>\n        </span>\n      </a>\n\n      <div\n        class=\"dropdown-menu\"\n        id=\"cart-preview-dropdown\"\n        data-dropdown-content\n        aria-hidden=\"true\"\n      ></div>\n    </li>\n\n    \n  </ul>\n</nav>\n\n<!--\n=============================================================================\n MOBILE HEADER\n=============================================================================\n-->\n\n<div class=\"mobileHeader-wrapper\">\n  <nav id=\"navMobile\" class=\"navUser navUser--mobile u-hidden\">\n    <ul class=\"list-inline\">\n\n      <!-- Logo -->\n      <li class=\"navUser-item navUser-item--menu nav-item-toggle\">\n        <a href=\"#\" class=\"mobileMenu-toggle\" data-mobile-menu-toggle=\"menu\">\n          <span class=\"mobileMenu-toggleIcon\">Toggle menu</span>\n        </a>\n      </li>\n\n      <!-- Logo -->\n      {{#if page_type '===' 'default'}}\n        <h1 class=\"header-logo-custom header-logo--{{theme_settings.logo-position}}\">\n            {{> components/common/store-logo isDesktop=true}}\n        </h1>\n      {{else}}\n        <div class=\"header-logo-custom header-logo--{{theme_settings.logo-position}}\">\n            {{> components/common/store-logo isDesktop=true}}\n        </div>\n      {{/if}}\n      \n      <!-- Currency selector -->\n      {{#or customer (unless settings.hide_price_from_guests)}}\n        {{>components/common/currency-selector}}\n      {{/or}}\n\n    </ul>\n\n    <!-- Search -->\n    <div class=\"navUser-item quick-search\">\n      <span class=\"navUser-action navUser-action--quickSearch\">\n      </span>\n      <form\n        class=\"\"\n        onsubmit=\"return false\"\n        data-url=\"{{urls.search}}\"\n        data-quick-search-form\n      >\n        <fieldset class=\"form-fieldset\">\n          <div class=\"\">\n            <label class=\"is-srOnly\" for=\"{{name}}\">\n              {{lang \"search.quick_search.input_label\"}}\n            </label>\n            <input\n              class=\"form-input\"\n              data-search-quick\n              data-search=\"quickSearch-mobile\"\n              id=\"quick-search-expand-mobile\"\n              aria-controls=\"quickSearch-mobile\"\n              name=\"{{name}}\"\n              data-error-message=\"{{lang 'search.error.empty_field'}}\"\n              placeholder=\"{{lang 'search.quick_search.input_placeholder'}}\"\n              autocomplete=\"off\"\n            />\n          </div>\n        </fieldset>\n      </form>\n    </div>\n\n  </nav>\n  <nav id=\"navMobile-logo\" class=\"navUser navUser--mobile u-hidden\">\n    <!-- Logo -->\n    {{#if page_type '===' 'default'}}\n      <h1 class=\"header-logo header-logo--{{theme_settings.logo-position}}\">\n          {{> components/common/store-logo isDesktop=true}}\n      </h1>\n    {{else}}\n      <div class=\"header-logo header-logo--{{theme_settings.logo-position}}\">\n          {{> components/common/store-logo isDesktop=true}}\n      </div>\n    {{/if}}\n  </nav>\n</div>\n<nav class=\"navUser--main navUser--mobile u-hidden\">\n  <ul class=\"navUser-section\">\n    <!-- hamburguer menu -->\n    <li class=\"navUser-item navUser-item--menu\">\n      <a href=\"#\" class=\"mobileMenu-toggle\" data-mobile-menu-toggle=\"menu\">\n        <span class=\"mobileMenu-toggleIcon\">Toggle menu</span>\n      </a>\n    </li>\n\n    <!-- SCENTFLIRT -->\n    <li class=\"navUser-item navUser-item--scentflirt\">\n      <a href=\"/become-a-consultant/\">\n        <img class=\"scentflirt-icon\"\n            src=\"{{cdn 'img/scentflirt-icon.png'}}\"\n            alt=\"{{lang 'common.scentflirt'}}\"\n            title=\"{{lang 'common.scentflirt'}}\">\n      </a>\n    </li>\n\n    <!-- cart -->\n    <li class=\"navUser-item navUser-item--cart\">\n      <a\n        class=\"navUser-action\"\n        data-cart-preview\n        data-dropdown=\"cart-preview-dropdown\"\n        data-options=\"align:right\"\n        href=\"{{urls.cart}}\"\n        aria-label=\"{{lang 'cart.nav_aria_label'}}\"\n      >\n        <span class=\"navUser-item-cartLabel\">\n          <svg width=\"24px\" height=\"24px\"><use xlink:href=\"#icon-cart\"></use></svg>\n          <span class=\"countPill cart-quantity\"></span>\n        </span>\n      </a>\n\n      <div\n        class=\"dropdown-menu\"\n        id=\"cart-preview-dropdown\"\n        data-dropdown-content\n        aria-hidden=\"true\"\n      ></div>\n    </li>\n\n    <!-- login/register -->\n    <li class=\"navUser-item navUser-item--account\">\n      {{#if customer}}\n        <a\n          class=\"navUser-action\"\n          href=\"/my-account/\"\n          aria-label=\"{{lang 'common.account'}}\"\n        >\n          <span class=\"navUser-item-accountLabel\">\n            <!-- icono filled -->\n            <svg width=\"24px\" height=\"24px\"><use xlink:href=\"#icon-user-fill\"></use></svg>\n          </span>\n        </a>\n      {{else}}\n        <a\n          class=\"navUser-action\"\n          href=\"{{urls.auth.login}}\"\n          aria-label=\"{{lang 'common.login'}}\"\n        >\n          <span class=\"navUser-item-accountLabel\">\n            <!-- icono not filled -->\n            <svg width=\"24px\" height=\"24px\"><use xlink:href=\"#icon-user\"></use></svg>\n          </span>\n        </a>\n      {{/if}}\n    </li>\n  </ul>\n</nav>\n<div class=\"navPages-container\" id=\"menu\" data-menu>\n  {{> components/common/navigation-menu}}\n  {{> components/consultant/find-consultant}}\n</div>\n",
  "components/common/subscription-form": "<h3 class=\"footer-info-heading web-version\">{{lang 'newsletter.subscribe'}} {{lang 'newsletter.newsletter'}}</h3> \n<div class=\"subscription-form-heading-wrapper mobile-version\">\n    <h3 class=\"footer-info-heading\">{{lang 'newsletter.subscribe'}}</h3> \n    <h3 class=\"footer-info-heading-newsletter\">{{lang 'newsletter.newsletter'}}</h3>\n    <div class=\"subscription-form-heading-decor\"></div>\n</div>\n<p class=\"exlusive-offerse\">{{lang 'newsletter.subscribe_intro'}}</p>\n\n<form class=\"form\" action=\"{{urls.subscribe.action}}\" method=\"post\">\n    <fieldset class=\"form-fieldset\">\n        <input type=\"hidden\" name=\"action\" value=\"subscribe\">\n        <input type=\"hidden\" name=\"nl_first_name\" value=\"bc\">\n        <input type=\"hidden\" name=\"check\" value=\"1\">\n        <div class=\"form-field\">\n            <label class=\"form-label is-srOnly\" for=\"nl_email\">{{lang 'common.email_address'}}</label>\n            <div class=\"form-prefixPostfix wrap\">\n                <input class=\"form-input\"\n                       id=\"nl_email\"\n                       name=\"nl_email\"\n                       type=\"email\"\n                       value=\"{{customer.email}}\"\n                       placeholder=\"{{lang 'newsletter.email_placeholder'}}\"\n                       aria-describedby=\"alertBox-message-text\"\n                       aria-required=\"true\"\n                       required\n                >\n                <input class=\"button button--primary form-prefixPostfix-button--postfix\"\n                       type=\"submit\"\n                       value=\"{{lang 'newsletter.subscribe_submit'}}\"\n                >\n            </div>\n            {{#if settings.show_newsletter_summary }}\n                <div class=\"footer-newsletter-summary\">{{settings.newsletter_summary}}</div>\n            {{/if}}\n        </div>\n    </fieldset>\n</form>\n",
  "components/common/footer-mobile-button": "<button type=\"button\" class=\"collapsible toggle-title open-collapse-button\" data-mobile-button-name=\"{{name}}\">\n        <div class=\"collapsible-button-name-wrapper\">\n            <span>{{name}}</span>\n            <a class=\"shop-up-to-list-item\" data-mobile-button-name=\"{{name}}\"></a>\n        </div>\n    <span class=\"no-active-tab\">\n        \n        <svg class=\"plus-icon\">\n            <use href=\"#icon-plus\"></use>\n        </svg>\n       \n    </span>\n    <span class=\"active-tab\">\n        <svg class=\"minus-icon\">\n            <use href=\"#icon-minus\"></use>\n        </svg>\n    </span>\n</button>\n",
  "components/common/have-questions-items-wrapper": "<div class=\"have-questions-block-wrapper\">\n    {{> components/common/phone-link-item}}\n    {{> components/common/email-link-item}}\n</div>\n",
  "components/common/email-link-item": "<a class=\"have-questions-block-item web-version\" href=\"mailto:{{lang 'footer.have_questions.email'}}\">\n    <span class=\"have-questions-block-item-span\">\n        <svg class=\"pz-email-2-icon\">\n            <use href=\"#icon-email_2\"></use>\n        </svg>\n    </span>\n    <span class=\"have-questions-block-item-span\" >{{lang 'footer.have_questions.email'}}</span>\n</a>\n",
  "components/common/phone-link-item": "<a class=\"have-questions-block-item web-version\"  href=\"tel:{{lang 'footer.have_questions.phone_number'}}\">\n    <span class=\"have-questions-block-item-span\">\n        <svg class=\"pz-phone-icon\">\n            <use href=\"#icon-PZ_Phone\"></use>\n        </svg>\n    </span>\n    <span class=\"have-questions-block-item-span phone\">{{lang 'footer.have_questions.phone_number_divided'}}</span>\n</a>\n",
  "components/common/modal/modal": "<div id=\"modal\" class=\"modal\" data-reveal data-prevent-quick-search-close>\n    {{> components/common/modal/modal-close-btn}}\n    <div class=\"modal-content\"></div>\n    <div class=\"loadingOverlay\"></div>\n</div>\n",
  "components/common/alert/alert-modal": "<div id=\"alert-modal\" class=\"modal modal--alert modal--small\" data-reveal data-prevent-quick-search-close>\n    <div class=\"alert-icon error-icon\">\n        <span class=\"icon-content\">\n            <span class=\"line line-left\"></span>\n            <span class=\"line line-right\"></span>\n        </span>\n    </div>\n\n    <div class=\"alert-icon warning-icon\">\n        <div class=\"icon-content\">!</div>\n    </div>\n\n    <div class=\"modal-content\"></div>\n\n    <div class=\"button-container\">\n        <button type=\"button\" class=\"confirm button\" data-reveal-close>{{lang 'common.ok'}}</button>\n        <button type=\"button\" class=\"cancel button\" data-reveal-close>{{lang 'common.cancel'}}</button>\n    </div>\n</div>\n",
  "components/common/quick-search": "<div class=\"container\">\n  <section class=\"quickSearchResults\" data-bind=\"html: results\"></section>\n  <p role=\"status\"\n    aria-live=\"polite\"\n    class=\"aria-description--hidden\"\n    data-search-aria-message-predefined-text=\"{{{lang 'search.results.quick_count_live'}}}\"\n  ></p>\n</div>\n",
  "components/common/store-logo": "<a href=\"{{urls.home}}\" class=\"header-logo__link\" data-header-logo-link>\n  {{#if isDesktop}}\n    {{#if settings.store_logo.image}}\n      {{#if theme_settings.logo_size '===' 'original'}}\n        <img class=\"header-logo-image-unknown-size\"\n          src=\"{{getImage settings.store_logo.image 'logo_size'}}\"\n          alt=\"{{settings.store_logo.title}}\"\n          title=\"{{settings.store_logo.title}}\">\n      {{else}}\n        <div class=\"header-logo-image-container\">\n          <img class=\"header-logo-image\"\n            src=\"{{getImage settings.store_logo.image 'logo_size'}}\"\n            srcset=\"{{getImageSrcset1x2x settings.store_logo.image theme_settings.logo_size}}\"\n            alt=\"{{settings.store_logo.title}}\"\n            title=\"{{settings.store_logo.title}}\">\n        </div>\n      {{/if}}\n    {{else}}\n      <span class=\"header-logo-text\">{{settings.store_logo.title}}</span>\n    {{/if}}\n  {{else}}\n    {{#if settings.store_logo.image}}\n      <div class=\"header-logo-image-container\">\n        <img class=\"header-logo-image\"\n          src=\"{{cdn 'img/logo-mobile.png'}}\"\n          alt=\"{{settings.store_logo.title}}\"\n          title=\"{{settings.store_logo.title}}\">\n      </div>\n    {{else}}\n      <span class=\"header-logo-text\">{{settings.store_logo.title}}</span>\n    {{/if}}\n  {{/if}}\n</a>\n",
  "components/common/currency-selector-large": "{{#if currency_selector.currencies.length '>' 1}}\r\n    <ul class=\"navUser-section currencySelector\" style=\"margin-top: 3rem; margin-right: 1.5rem;\">\r\n        <li class=\"navUser-item\">\r\n            <a  class=\"navUser-action navUser-action--currencySelector has-dropdown\"\r\n                href=\"#\"\r\n                data-dropdown=\"currencySelection\"\r\n                aria-controls=\"currencySelection\"\r\n                aria-expanded=\"false\"\r\n            >\r\n                <i class=\"icon\" aria-hidden=\"true\">\r\n                    <svg>\r\n                        <use href=\"#icon-currency-{{{currency_selector.active_currency_code}}}\" />\r\n                    </svg>\r\n                </i>\r\n                <span class=\"currency-code\">\r\n                    {{#if currency_selector.active_currency_code '===' 'USD'}}\r\n                        {{lang 'common.countries_abbr.united_states'}}\r\n                    {{else}}\r\n                        {{lang 'common.countries_abbr.canada'}}\r\n                    {{/if}}\r\n                </span>\r\n                <i class=\"icon icon--dropdown\" aria-hidden=\"true\">\r\n                    <svg>\r\n                        <use href=\"#icon-arrow-dropdown-down\" />\r\n                    </svg>\r\n                </i>\r\n            </a>\r\n            <ul class=\"dropdown-menu\" id=\"currencySelection\" data-dropdown-content aria-hidden=\"true\" tabindex=\"-1\">\r\n                {{#each currency_selector.currencies}}\r\n                    {{#if ../currency_selector.active_currency_code '!=' code }}\r\n                        <li class=\"dropdown-menu-item\">    \r\n                            <a  href=\"{{{switch_url}}}\"\r\n                                class=\"switch-currency\"\r\n                                currencyId=\"{{{id}}}\"\r\n                                data-currency-code=\"{{{code}}}\" {{#if cart_currency_switch_url.length '>' 0 }}\r\n                                data-cart-currency-switch-url=\"{{{cart_currency_switch_url}}}\" {{/if}}\r\n                                data-warning=\"{{lang 'common.currency_switch_promotion'}}\"\r\n                            >\r\n                                <i class=\"icon\" aria-hidden=\"true\">\r\n                                    <svg>\r\n                                        <use href=\"#icon-currency-{{{code}}}\" />\r\n                                    </svg>\r\n                                </i>\r\n                                {{#if code '===' 'USD'}}\r\n                                    <span class=\"currency-code\">{{lang 'common.countries_abbr.united_states'}}</span>\r\n                                {{else}}\r\n                                <span class=\"currency-code\">{{lang 'common.countries_abbr.canada'}}</span>\r\n                                {{/if}}\r\n                            </a>\r\n                        </li>\r\n                    {{/if}}\r\n                {{/each}}\r\n            </ul>\r\n        </li>\r\n    </ul>\r\n{{/if}}\r\n",
  "components/consultant/my-parties": "<div class=\"consultant-parties__open\">\n    {{> components/common/modal/modal-close-btn}}\n    {{> components/consultant/parties-list }}\n\n    <div class=\"current-party\">\n        {{> components/consultant/current-party }}\n    </div>\n    <ol class=\"information\">\n        <li class=\"item\">\n            <a href=\"/blendbash/\">Host a Party</a>\n        </li>\n        <li class=\"item\">\n            <a href=\"/become-a-consultant/\">Join My Team</a>\n        </li>\n        <li class=\"item\">\n            <a href=\"/consultant-bio/\">About Me</a>\n        </li>\n    </ol>\n</div>\n",
  "components/common/currency-selector": "{{#if currency_selector.currencies.length '>' 1}}\n    <ul class=\"navUser-section currencySelector\">\n        <li class=\"navUser-item\">\n            <a  class=\"navUser-action navUser-action--currencySelector has-dropdown\"\n                href=\"#\"\n                data-dropdown=\"currencySelection\"\n                aria-controls=\"currencySelection\"\n                aria-expanded=\"false\"\n            >\n                <i class=\"icon\" aria-hidden=\"true\">\n                    <svg>\n                        <use href=\"#icon-currency-{{{currency_selector.active_currency_code}}}\" />\n                    </svg>\n                </i>\n                <span class=\"currency-code\">\n                    {{#if currency_selector.active_currency_code '===' 'USD'}}\n                        {{lang 'common.countries_abbr.united_states'}}\n                    {{else}}\n                        {{lang 'common.countries_abbr.canada'}}\n                    {{/if}}\n                </span>\n                <i class=\"icon icon--dropdown\" aria-hidden=\"true\">\n                    <svg>\n                        <use href=\"#icon-arrow-dropdown-down\" />\n                    </svg>\n                </i>\n            </a>\n            <ul class=\"dropdown-menu\" id=\"currencySelection\" data-dropdown-content aria-hidden=\"true\" tabindex=\"-1\">\n                {{#each currency_selector.currencies}}\n                    {{#if ../currency_selector.active_currency_code '!=' code }}\n                        <li class=\"dropdown-menu-item\">    \n                            <a  href=\"{{{switch_url}}}\"\n                                class=\"switch-currency\"\n                                currencyId=\"{{{id}}}\"\n                                data-currency-code=\"{{{code}}}\" {{#if cart_currency_switch_url.length '>' 0 }}\n                                data-cart-currency-switch-url=\"{{{cart_currency_switch_url}}}\" {{/if}}\n                                data-warning=\"{{lang 'common.currency_switch_promotion'}}\"\n                            >\n                                <i class=\"icon\" aria-hidden=\"true\">\n                                    <svg>\n                                        <use href=\"#icon-currency-{{{code}}}\" />\n                                    </svg>\n                                </i>\n                                {{#if code '===' 'USD'}}\n                                    <span class=\"currency-code\">{{lang 'common.countries_abbr.united_states'}}</span>\n                                {{else}}\n                                <span class=\"currency-code\">{{lang 'common.countries_abbr.canada'}}</span>\n                                {{/if}}\n                            </a>\n                        </li>\n                    {{/if}}\n                {{/each}}\n            </ul>\n        </li>\n    </ul>\n{{/if}}\n",
  "components/common/navigation-menu": "<div class=\"consultant-header--mobile\">\n    <a class=\"open-find-consultant navUser-action\" aria-label=\"{{lang 'common.find_a_consultant'}}\">\n        {{lang 'common.find_a_consultant'}}\n    </a>\n</div>\n<nav class=\"navPages\">\n    <ul class=\"navPages-list nav-pages-categories{{#if theme_settings.navigation_design '!==' 'simple'}} navPages-list-depth-max{{/if}}\">\n        {{#each categories}}\n        <li class=\"navPages-item\">\n            {{#if ../theme_settings.navigation_design '===' 'simple'}}\n            {{> components/common/navigation-list}}\n            {{/if}}\n            {{#if ../theme_settings.navigation_design '===' 'alternate'}}\n            {{> components/common/navigation-list-alternate}}\n            {{/if}}\n        </li>\n        {{/each}}\n        {{#unless theme_settings.hide_content_navigation}}\n        {{#each pages}}\n        <li class=\"navPages-item navPages-item-page\">\n            <a class=\"navPages-action{{#if name '==' ../page.title}} activePage{{/if}}\" href=\"{{url}}\"\n                aria-label=\"{{name}}\">\n                {{name}}\n            </a>\n        </li>\n        {{/each}}\n        {{/unless}}\n    </ul>\n    <ul class=\"navPages-list navPages-list--user\">\n        {{#if currency_selector.currencies.length '>' 1}}\n        <li class=\"navPages-item\">\n            <a class=\"navPages-action has-subMenu\" href=\"#\" data-collapsible=\"navPages-currency\"\n                aria-controls=\"navPages-currency\" aria-expanded=\"false\"\n                aria-label=\"{{lang 'common.currency' code=currency_selector.active_currency_code}}\">\n                {{lang 'common.currency' code=currency_selector.active_currency_code}}\n                <i class=\"icon navPages-action-moreIcon\" aria-hidden=\"true\">\n                    <svg>\n                        <use href=\"#icon-chevron-down\"></use>\n                    </svg>\n                </i>\n            </a>\n            <div class=\"navPage-subMenu\" id=\"navPages-currency\" aria-hidden=\"true\" tabindex=\"-1\">\n                <ul class=\"navPage-subMenu-list\">\n                    {{#each currency_selector.currencies}}\n                    <li class=\"navPage-subMenu-item\">\n                        <a class=\"navPage-subMenu-action navPages-action\" href=\"{{{switch_url}}}\" aria-label=\"{{name}}\"\n                            data-currency-code=\"{{{code}}}\" {{#if cart_currency_switch_url.length '>' 0 }}\n                            data-cart-currency-switch-url=\"{{{cart_currency_switch_url}}}\" {{/if}}\n                            data-warning=\"{{lang 'common.currency_switch_promotion'}}\">\n                            {{#if is_active}}\n                            <strong>{{name}}</strong>\n                            {{else}}\n                            {{name}}\n                            {{/if}}\n                        </a>\n                    </li>\n                    {{/each}}\n                </ul>\n            </div>\n        </li>\n        {{/if}}\n        {{#if settings.gift_certificates_enabled}}\n        <li class=\"navPages-item\">\n            <a class=\"navPages-action\" href=\"{{urls.gift_certificate.purchase}}\"\n                aria-label=\"{{lang 'common.gift_cert'}}\">\n                {{lang 'common.gift_cert'}}\n            </a>\n        </li>\n        {{/if}}\n        {{#if customer.store_credit.value '>' 0}}\n        <li class=\"navPages-item\">\n            <a class=\"navPages-action navPages-action--storeCredit\">\n                {{lang 'common.store_credit_overview' credit=customer.store_credit.formatted}}\n            </a>\n        </li>\n        {{/if}}\n        {{#if theme_settings.product_list_display_mode '==' 'list'}}\n        <li class=\"navPages-item\">\n            <a class=\"navPages-action navPages-action--compare\" href=\"{{urls.compare}}\" data-compare-nav\n                aria-label=\"{{lang 'common.compare'}}\">\n                {{lang 'common.compare'}}\n                <span class=\"countPill countPill--positive countPill--alt\"></span>\n            </a>\n        </li>\n        {{/if}}\n        {{#if customer}}\n        <li class=\"navPages-item\">\n            <!-- <a class=\"navPages-action has-subMenu\" href=\"{{urls.account.index}}\" data-collapsible=\"navPages-account\" -->\n            <a class=\"navPages-action has-subMenu\" href=\"/my-account/\" data-collapsible=\"navPages-account\"\n                aria-label=\"{{lang 'common.account'}}\">\n                {{lang 'common.account'}}\n                <i class=\"icon navPages-action-moreIcon\" aria-hidden=\"true\">\n                    <svg>\n                        <use href=\"#icon-chevron-down\" />\n                    </svg>\n                </i>\n            </a>\n            <div class=\"navPage-subMenu\" id=\"navPages-account\" aria-hidden=\"true\" tabindex=\"-1\">\n                <ul class=\"navPage-subMenu-list\">\n                    <li class=\"navPage-subMenu-item\">\n                        <a class=\"navPage-subMenu-action navPages-action\" href=\"{{urls.account.orders.all}}\"\n                            aria-label=\"{{lang 'account.nav.orders'}}\">\n                            {{lang 'account.nav.orders'}}\n                        </a>\n                    </li>\n                    {{#if settings.returns_enabled}}\n                    <li class=\"navPage-subMenu-item\">\n                        <a class=\"navPage-subMenu-action navPages-action\" href=\"{{urls.account.returns}}\"\n                            aria-label=\"{{lang 'account.nav.returns'}}\">\n                            {{lang 'account.nav.returns'}}\n                        </a>\n                    </li>\n                    {{/if}}\n                    <li class=\"navPage-subMenu-item\">\n                        <a class=\"navPage-subMenu-action navPages-action\" href=\"{{urls.account.inbox}}\"\n                            aria-label=\"{{lang 'account.mobile_nav.messages'}}\">\n                            {{lang 'account.mobile_nav.messages'}}\n                        </a>\n                    </li>\n                    <li class=\"navPage-subMenu-item\">\n                        <a class=\"navPage-subMenu-action navPages-action\" href=\"{{urls.account.addresses}}\"\n                            aria-label=\"{{lang 'account.nav.addresses'}}\">\n                            {{lang 'account.nav.addresses'}}\n                        </a>\n                    </li>\n                    {{#if settings.show_payment_methods}}\n                    <li class=\"navPage-subMenu-item\">\n                        <a class=\"navPage-subMenu-action navPages-action\" href=\"{{urls.account.payment_methods.all}}\"\n                            aria-label=\"{{lang 'account.nav.payment_methods'}}\">\n                            {{lang 'account.nav.payment_methods'}}\n                        </a>\n                    </li>\n                    {{/if}}\n                    <li class=\"navPage-subMenu-item\">\n                        <a class=\"navPage-subMenu-action navPages-action\" href=\"{{urls.account.wishlists.all}}\"\n                            aria-label=\"{{lang 'account.mobile_nav.wishlists'}}\">\n                            {{lang 'account.mobile_nav.wishlists'}}\n                        </a>\n                    </li>\n                    <li class=\"navPage-subMenu-item\">\n                        <a class=\"navPage-subMenu-action navPages-action\" href=\"{{urls.account.recent_items}}\"\n                            aria-label=\"{{lang 'account.nav.recently_viewed'}}\">\n                            {{lang 'account.nav.recently_viewed'}}\n                        </a>\n                    </li>\n                    <li class=\"navPage-subMenu-item\">\n                        <a class=\"navPage-subMenu-action navPages-action\" href=\"{{urls.account.details}}\"\n                            aria-label=\"{{lang 'account.nav.settings'}}\">\n                            {{lang 'account.nav.settings'}}\n                        </a>\n                    </li>\n                </ul>\n            </div>\n        </li>\n        <li class=\"navPages-item\">\n            <a class=\"navPages-action\" href=\"{{urls.auth.logout}}\" aria-label=\"{{lang 'common.logout'}}\">\n                {{lang 'common.logout'}}\n            </a>\n        </li>\n        {{else}}\n        <li class=\"navPages-item\">\n            <a class=\"navPages-action\" href=\"{{urls.auth.login}}\" aria-label=\"{{lang 'common.login'}}\">\n                {{lang 'common.login'}}\n            </a>\n            {{#if settings.account_creation_enabled}}\n            {{lang 'common.or'}}\n            <a class=\"navPages-action\" href=\"{{urls.auth.create_account}}\" aria-label=\"{{lang 'common.sign_up'}}\">\n                {{lang 'common.sign_up'}}\n            </a>\n            {{/if}}\n        </li>\n        {{/if}}\n        {{#if theme_settings.social_icon_placement_top}}\n        <li class=\"navPages-item\">\n            {{> components/common/social-links}}\n        </li>\n        {{/if}}\n    </ul>\n</nav>\n<div class=\"consultant-parties hidden\">\n    {{> components/consultant/my-parties }}\n</div>\n",
  "components/consultant/find-consultant": "<div class=\"find-a-consultant\" style=\"display: none\">\n    <button class=\"modal-close close-find-a-consultant\" type=\"button\" title=\"Close\">\n        <span class=\"aria-description--hidden\">Close</span>\n        <span aria-hidden=\"true\">×</span>\n    </button>\n    <div class=\"find-a-consultant__content\">\n        {{> components/consultant/find-consultant-form}}\n    </div>\n</div>\n",
  "components/common/modal/modal-close-btn": "<button class=\"modal-close\"\n        type=\"button\"\n        title=\"{{lang 'common.close'}}\"\n        {{additional_attr}}\n>\n    <span class=\"aria-description--hidden\">{{lang 'common.close'}}</span>\n    <span aria-hidden=\"true\">&#215;</span>\n</button>\n",
  "components/consultant/current-party": "<div class=\"consultant-parties__current\">\n    <h1> {{lang 'common.parties.current_party_title'}}</h1>\n    <p class=\"title-label\"> {{lang 'common.parties.current_party_label'}}</p>\n    <hr>\n    <ol class=\"current-party-list parties\">\n    </ol>\n    <div class=\"party-link-container\">\n        <a class=\"party-link share-party\"> SHARE PARTY LINK \n            <span id=\"party-tooltip\">copied to clipboard!</sapn>\n        </a>\n        <a class=\"party-link leave-party\"> LEAVE PARTY </a>\n        <a class=\"party-link return-parties-list\"> {{lang 'common.parties.view_all'}} </a>\n    </div>\n    <hr>\n</div>\n",
  "components/consultant/parties-list": "<div class=\"no-current-party\">\n    <h1> {{lang 'common.parties.my_parties_title'}}</h1>\n    <p class=\"title-label\"> {{lang 'common.parties.my_parties_label'}}</p>\n    <hr>\n\n    <div class=\"loadingOverlay\" id=\"loading-parties\"></div>\n\n    <ol class=\"party-list parties\">\n    </ol>\n\n    <a class=\"view-all-parties party-link\"> {{lang 'common.parties.view_all'}} </a>\n\n    <hr>\n</div>\n",
  "components/common/navigation-list": "{{#if children}}\n  <a class=\"navPages-action has-subMenu{{#if is_active}} activePage{{/if}}\"\n    href=\"{{url}}\"\n    data-collapsible=\"navPages-{{id}}\"\n  >\n    <div class=\"category-img-container\">\n      {{> components/common/responsive-img\n        image=image\n        class=\"category-img\"\n        fallback_size=theme_settings.thumb_size\n        lazyload=theme_settings.lazyload_mode\n        default_image=theme_settings.default_image_product\n      }}\n    </div>\n    <p>{{name}}</p>\n    <i class=\"icon navPages-action-moreIcon\" aria-hidden=\"true\">\n        <svg><use href=\"#icon-chevron-down\" /></svg>\n    </i>\n  </a>\n  <div class=\"navPage-subMenu\" id=\"navPages-{{id}}\" aria-hidden=\"true\" tabindex=\"-1\">\n      <ul class=\"navPage-subMenu-list\">\n          <li class=\"navPage-subMenu-item\">\n              <a class=\"navPage-subMenu-action navPages-action\"\n                href=\"{{url}}\"\n                aria-label=\"{{lang 'category.view_all.name' category=name}}\"\n              >\n                  {{lang 'category.view_all.name' category=name}}\n              </a>\n          </li>\n          {{#each children}}\n              {{#if @index '<' 6 }}\n                  <li class=\"navPage-subMenu-item\">\n                      {{#if children}}\n                          <a class=\"navPage-subMenu-action navPages-action has-subMenu{{#if is_active}} activePage{{/if}}\"\n                            href=\"{{url}}\"\n                            aria-label=\"{{name}}\"\n                          >\n                              {{name}}\n                              <span class=\"collapsible-icon-wrapper\"\n                                  data-collapsible=\"navPages-{{id}}\"\n                                  data-collapsible-disabled-breakpoint=\"medium\"\n                                  data-collapsible-disabled-state=\"open\"\n                                  data-collapsible-enabled-state=\"closed\"\n                              >\n                                  <i class=\"icon navPages-action-moreIcon\" aria-hidden=\"true\">\n                                      <svg><use href=\"#icon-chevron-down\" /></svg>\n                                  </i>\n                              </span>\n                          </a>\n                          <ul class=\"navPage-childList\" id=\"navPages-{{id}}\">\n                              {{#each children}}\n                              <li class=\"navPage-childList-item\">\n                                  <a class=\"navPage-childList-action navPages-action{{#if is_active}} activePage{{/if}}\"\n                                    href=\"{{url}}\"\n                                    aria-label=\"{{name}}\"\n                                  >\n                                      {{name}}\n                                  </a>\n                              </li>\n                              {{/each}}\n                          </ul>\n                      {{else}}\n                          <a class=\"navPage-subMenu-action navPages-action{{#if is_active}} activePage{{/if}}\"\n                            href=\"{{url}}\"\n                            aria-label=\"{{name}}\"\n                          >\n                              {{name}}\n                          </a>\n                      {{/if}}\n                  </li>\n              {{/if}}\n          {{/each}}\n      </ul>\n      <div class=\"navPage-subMenu-widget\">\n        {{region name=(concat (concat 'category-nav-widget' id) '--global')}}\n      </div>\n  </div>\n{{else}}\n  <a class=\"navPages-action{{#if is_active}} activePage{{/if}}\"\n    href=\"{{url}}\"\n    aria-label=\"{{name}}\"\n  >\n    <div class=\"category-img-container\">\n      {{> components/common/responsive-img\n        image=image\n        class=\"category-img\"\n        fallback_size=theme_settings.thumb_size\n        lazyload=theme_settings.lazyload_mode\n        default_image=theme_settings.default_image_product\n      }}\n    </div>\n    <p>{{name}}</p>\n  </a>\n{{/if}}\n",
  "components/common/navigation-list-alternate": "{{#if children}}\n    <a class=\"navPages-action navPages-action-depth-max has-subMenu is-root{{#if is_active}} activePage{{/if}}\"\n       href=\"{{url}}\"\n       data-collapsible=\"navPages-{{id}}\"\n       aria-label=\"{{name}}\"\n    >\n        {{name}}\n        <i class=\"icon navPages-action-moreIcon\" aria-hidden=\"true\">\n            <svg><use href=\"#icon-chevron-down\" /></svg>\n        </i>\n    </a>\n    {{> components/common/navigation-dropdown}}\n{{else}}\n    <a class=\"navPages-action{{#if is_active}} activePage{{/if}}\"\n       href=\"{{url}}\"\n       aria-label=\"{{name}}\"\n    >\n        {{name}}\n    </a>\n{{/if}}\n",
  "components/consultant/find-consultant-form": "<div class=\"search-consultant\">\n    <div class=\"search-consultant__wrapper\">\n        <div class=\"find-a-consultant__description\">\n            <h4> {{theme_settings.consultant.search.title}} </h4>\n            <p> {{theme_settings.consultant.search.description}} </p>\n        </div>\n        <form class=\"search-consultant-form\">\n            <div class=\"row\">\n                <div class=\"input\">\n                    <label for=\"firstName\">First Name</label>\n                    <input class=\"consultant-search-input\" placeholder=\"First Name\" type=\"text\" id=\"firstName\"\n                        name=\"firstName\">\n                </div>\n                <div class=\"input\">\n                    <label for=\"lastName\">Last Name</label>\n                    <input class=\"consultant-search-input\" placeholder=\"Last Name\" type=\"text\" id=\"lastName\"\n                        name=\"lastName\">\n                </div>\n            </div>\n            <div class=\"row\">\n                <div class=\"input\">\n                    <label for=\"consultantId\">Consultant ID#</label>\n                    <input class=\"consultant-search-input\" placeholder=\"Consultant ID#\" type=\"text\" id=\"consultantId\"\n                        name=\"consultantId\">\n                </div>\n                <div class=\"input\">\n                    <label for=\"webAddress\">Consultant web address</label>\n                    <input class=\"consultant-search-input\" placeholder=\"Consultant Web Address\" type=\"text\"\n                        id=\"webAddress\" name=\"webAddress\">\n                </div>\n            </div>\n            <label for=\"location\">Location</label>\n            {{#if currency_selector.active_currency_code '===' 'USD'}}\n            <select class=\"consultant-search-input\" id=\"location\" name=\"location\">\n                <option value=\"\">Choose a state</option>\n                <option value=\"AL\">Alabama</option>\n                <option value=\"AK\">Alaska</option>\n                <option value=\"AZ\">Arizona</option>\n                <option value=\"AR\">Arkansas</option>\n                <option value=\"CA\">California</option>\n                <option value=\"CO\">Colorado</option>\n                <option value=\"CT\">Connecticut</option>\n                <option value=\"DE\">Delaware</option>\n                <option value=\"FL\">Florida</option>\n                <option value=\"GA\">Georgia</option>\n                <option value=\"HI\">Hawaii</option>\n                <option value=\"ID\">Idaho</option>\n                <option value=\"IL\">Illinois</option>\n                <option value=\"IN\">Indiana</option>\n                <option value=\"IA\">Iowa</option>\n                <option value=\"KS\">Kansas</option>\n                <option value=\"KY\">Kentucky</option>\n                <option value=\"LA\">Louisiana</option>\n                <option value=\"ME\">Maine</option>\n                <option value=\"MD\">Maryland</option>\n                <option value=\"MA\">Massachusetts</option>\n                <option value=\"MI\">Michigan</option>\n                <option value=\"MN\">Minnesota</option>\n                <option value=\"MS\">Mississippi</option>\n                <option value=\"MO\">Missouri</option>\n                <option value=\"MT\">Montana</option>\n                <option value=\"NE\">Nebraska</option>\n                <option value=\"NV\">Nevada</option>\n                <option value=\"NH\">New Hampshire</option>\n                <option value=\"NJ\">New Jersey</option>\n                <option value=\"NM\">New Mexico</option>\n                <option value=\"NY\">New York</option>\n                <option value=\"NC\">North Carolina</option>\n                <option value=\"ND\">North Dakota</option>\n                <option value=\"OH\">Ohio</option>\n                <option value=\"OK\">Oklahoma</option>\n                <option value=\"OR\">Oregon</option>\n                <option value=\"PA\">Pennsylvania</option>\n                <option value=\"RI\">Rhode Island</option>\n                <option value=\"SC\">South Carolina</option>\n                <option value=\"SD\">South Dakota</option>\n                <option value=\"TN\">Tennessee</option>\n                <option value=\"TX\">Texas</option>\n                <option value=\"UT\">Utah</option>\n                <option value=\"VT\">Vermont</option>\n                <option value=\"VA\">Virginia</option>\n                <option value=\"WA\">Washington</option>\n                <option value=\"WV\">West Virginia</option>\n                <option value=\"WI\">Wisconsin</option>\n                <option value=\"WY\">Wyoming</option>\n            </select>\n            {{else}}\n            <select class=\"consultant-search-input\" id=\"location\" name=\"location\">\n                <option value=\"\">Select a Province</option>\n                <option value=\"AB\">Alberta</option>\n                <option value=\"BC\">British Columbia</option>\n                <option value=\"MB\">Manitoba</option>\n                <option value=\"NB\">New Brunswick</option>\n                <option value=\"NL\">Newfoundland and Labrador</option>\n                <option value=\"NS\">Nova Scotia</option>\n                <option value=\"NT\">Northwest Territories</option>\n                <option value=\"NU\">Nunavut</option>\n                <option value=\"ON\">Ontario</option>\n                <option value=\"PE\">Prince Edward Island</option>\n                <option value=\"QC\">Quebec</option>\n                <option value=\"SK\">Saskatchewan</option>\n                <option value=\"YT\">Yukon</option>\n            </select>\n            {{/if}}\n            <button class=\"consultant-search-submit button button--primary\" type=\"submit\">FIND YOUR\n                CONSULTANT</button>\n        </form>\n    </div>\n    <div class=\"search-consultant__wrapper\">\n        <div class=\"find-a-consultant__description\">\n            <h4> {{theme_settings.consultant.find.title}} </h4>\n            <p> {{theme_settings.consultant.find.description}} </p>\n        </div>\n        <form class=\"search-consultant-form\">\n            <label for=\"zipcode\">Zip Code</label>\n            <input class=\"consultant-search-input\" placeholder=\"00000\" type=\"number\" id=\"zipcode\" name=\"zipcode\">\n            <button class=\"consultant-search-submit button button--primary\" type=\"submit\">FIND YOUR\n                CONSULTANT</button>\n        </form>\n    </div>\n</div>\n<!-- TODO: generate pagination -->\n",
  "components/common/navigation-dropdown": "<div class=\"navPage-subMenu navPage-subMenu-horizontal\" id=\"navPages-{{id}}\" aria-hidden=\"true\" tabindex=\"-1\">\n    <ul class=\"navPage-subMenu-list\">\n        <li class=\"navPage-subMenu-item-parent\">\n            <a class=\"navPage-subMenu-action navPages-action navPages-action-depth-max\" href=\"{{url}}\">{{lang 'category.view_all.name' category=name}}</a>\n        </li>\n        {{#each children}}\n            <li class=\"navPage-subMenu-item-child\">\n                {{#if children}}\n                    <a class=\"navPage-subMenu-action navPages-action navPages-action-depth-max has-subMenu{{#if is_active}} activePage{{/if}}\" href=\"{{url}}\" data-collapsible=\"navPages-{{id}}\">\n                        {{name}}<i class=\"icon navPages-action-moreIcon\" aria-hidden=\"true\"><svg><use href=\"#icon-chevron-down\" /></svg></i>\n                    </a>\n                    {{> components/common/navigation-dropdown}}\n                {{else}}\n                    <a class=\"navPage-subMenu-action navPages-action{{#if is_active}} activePage{{/if}}\" href=\"{{url}}\">{{name}}</a>\n                {{/if}}\n            </li>\n        {{/each}}\n    </ul>\n</div>\n",
  "components/common/responsive-img": "{{!--\nThis file implements the lazysizes srcset pattern (as seen on\nhttps://github.com/aFarkas/lazysizes#modern-transparent-srcset-pattern) for maximum performance on modern browsers\nand reasonable compatibility with legacy browsers.\n\nThere are a few important arguments to know about when using this component:\n`lazyload`:\n    - If set to 'lazyload+lqip', will load a low-res image which will be replaced by lazysizes - ensuring that SOME\n    content is shown immediately on page load. Without LQIP, a transparent gif will be used instead, which reduces\n    the number of requests needed to load the page, making it even faster.\n    - If set to 'lazyload', the browser will not load the full-size image at first, instead the lazysizes plugin will\n        load it progressively after page load. This improves the load speed of the page, but it should be disabled for\n        high-priority above-the-fold images.\n    - If set to 'disabled', will not attempt to lazyload the image and instead tell the browser to load it immediately.\n        Use this for high-priority images that are above the fold.\n\n`fallback_size`:\n    This is the size to use for this image in legacy browsers that do not support srcset.\n    Can be defined as a pixel bounding-box size (e.g. \"123x123) or inherent width (e.g. \"123w\").\n\n`class`:\n    The CSS classes to add to the image, e.g. \"card-image\". If lazyloading is enabled, all images will have the\n    \"lazyload\" class so that lazysizes will target them automatically.\n\n`otherAttributes`:\n    Any other HTML attributes you want on the img tag, for example \"height='100' width='100'\"\n\n`default_image`:\n    The default image to use if `image` is undefined or falsy. Should be a theme asset, usually defined as a relative\n    path in the theme config. If a default image is not provided, you'll get an image tag with no image if the primary\n    image is undefined.\n\n`lqip_size`:\n    If you want to specify a particular size for the LQIP image, you can do so with this argument. A default of 80\n    pixels wide will be used otherwise. This argument has no effect if the lazyload mode is not \"lazyload+lqip\".\n\n--}}\n<img {{#if image}}{{!-- Get the default image for legacy browsers that do not support srcset\n--}}src=\"{{getImageSrcset image 1x=(default fallback_size '160w')}}\" alt=\"{{image.alt}}\" title=\"{{image.alt}}\" {{!--\n  Allow lazysizes to generate the 'sizes' attribute automatically --}}data-sizes=\"auto\"\n  {{#unless lazyload '==' 'disabled'}}\n    {{#if lazyload '==' 'lazyload+lqip'}}\n    {{!-- If we want a LQIP, include it as the default srcset (will be overwritten by lazysizes) --}}\n    srcset=\"{{getImageSrcset image 1x=(default lqip_size '80w')}}\"\n    {{else}}\n      {{!-- If we don't want a LQIP, use a 1px transparent gif for the stand-in image\n            This requires no additional network request, so it's fast --}}\n    srcset=\"data:image/gif;base64,R0lGODlhAQABAIAAAP///wAAACH5BAEAAAAALAAAAAABAAEAAAICRAEAOw==\"\n    {{/if}}\n{{/unless}}\n{{!-- If lazyloading is disabled, just use \"srcset\". If it is not disabled, use \"data-srcset\" so lazysizes will use\n      this after page load --}}\n{{!--\nGenerate the srcset string using the default sizes defined in the helper. This will allow the browser to\npick the best-sized image based on its own understanding of how it will render the page.\n--}}\n{{#unless lazyload '==' 'disabled'}}data-{{/unless}}srcset=\"{{getImageSrcset image use_default_sizes=true }}\"\n{{else if default_image}}src=\"{{cdn default_image}}\" alt=\"{{lang 'products.card_default_image_alt'}}\"{{/if}}\nclass=\"{{#unless lazyload '==' 'disabled'}}lazyload{{/unless}}{{#if class}} {{class}}{{/if}}\"\n{{#if lazyload '==' 'lazyload'}}loading=\"lazy\"{{/if}}\n{{otherAttributes}} />\n"
}