{
  "components/brand/sidebar": "<nav>\n    {{#if brand.faceted_search_enabled}}\n        {{> components/faceted-search/index brand}}\n    {{else}}\n        {{#if shop_by_brand}}\n        <div class=\"sidebarBlock\">\n            <h5 class=\"sidebarBlock-heading\">{{lang 'brand.label'}}</h5>\n            <ul class=\"navList\">\n                {{#each shop_by_brand}}\n                    <li class=\"navList-item\">\n                        <a class=\"navList-action\" href=\"{{url}}\">{{name}}</a>\n                    </li>\n                {{/each}}\n                <li class=\"navList-item\">\n                    <a class=\"navList-action\" href=\"{{urls.brands}}\">{{lang 'common.view_all'}}</a>\n                </li>\n            </ul>\n        </div>\n        {{/if}}\n    {{/if}}\n</nav>\n",
  "components/faceted-search/index": "<div id=\"facetedSearch\" class=\"facetedSearch sidebarBlock\">\n    {{> components/faceted-search/selected-facets selected}}\n\n    <a href=\"#facetedSearch-navList\" role=\"button\" class=\"facetedSearch-toggle toggleLink\" data-collapsible>\n        <span class=\"facetedSearch-toggle-text\">\n            {{lang 'search.faceted.filter'}} \n        </span>\n\n        <span class=\"facetedSearch-toggle-indicator\">\n            <span class=\"toggleLink-text toggleLink-text--on\">\n                <i class=\"icon\" aria-hidden=\"true\">\n                    <svg><use href=\"#icon-arrow-dropdown-down-pink\"/></svg>\n                </i>\n            </span>\n\n            <span class=\"toggleLink-text toggleLink-text--off\">\n                <i class=\"icon\" aria-hidden=\"true\">\n                    <svg><use href=\"#icon-arrow-dropdown-down-pink\"/></svg>\n                </i>\n            </span>\n        </span>\n    </a>\n\n    {{#any facets visible=true}}\n        <div id=\"facetedSearch-navList\"\n            class=\"facetedSearch-navList\"\n        >\n            <div class=\"accordion accordion--navList\">\n                {{#each facets}}\n                    {{#if visible}}\n                        {{{dynamicComponent 'components/faceted-search/facets'}}}\n                    {{/if}}\n                {{/each}}\n            </div>\n\n            <div class=\"blocker\" style=\"display: none;\"></div>\n        </div>\n    {{/any}}\n</div>\n",
  "components/faceted-search/selected-facets": "<div class=\"facetedSearch-refineFilters sidebarBlock\">\n    <p>\n        {{lang 'search.faceted.selected.title'}}\n    </p>\n\n    {{#if items}}\n        <ul class=\"inlineList inlineList--labels\">\n            {{#each items}}\n                <li>\n                    <a href=\"{{url}}\"\n                       class=\"facetLabel\"\n                       rel=\"nofollow\"\n                       data-faceted-search-facet\n                    >\n                        {{#if facet '===' 'rating'}}\n                            {{> components/products/ratings rating=title}}\n                        {{else}}\n                            {{{sanitize title}}}\n                        {{/if}}\n\n                        <svg class=\"icon\">\n                            <use href=\"#icon-close\" />\n                        </svg>\n                    </a>\n                </li>\n            {{/each}}\n        </ul>\n    {{else}}\n        <p>{{lang 'search.faceted.selected.no-filters'}}</p>\n    {{/if}}\n</div>\n",
  "components/faceted-search/facets/multi": "{{#if items}}\n<div class=\"accordion-block\">\n    {{> components/faceted-search/faceted-search-navigation}}\n\n    <div id=\"facetedSearch-content--{{dashcase facet}}\" class=\"accordion-content{{#unless start_collapsed}} is-open{{/unless}}\">\n        <ul id=\"facetedSearch-navList--{{dashcase facet}}\" data-facet=\"{{facet}}\" class=\"navList\" data-has-more-results=\"{{has_more_results}}\">\n            {{#each items}}\n                <li class=\"navList-item\">\n                    <a\n                        href=\"{{url}}\"\n                        class=\"navList-action navList-action--checkbox{{#if selected}} is-selected{{/if}}\"\n                        rel=\"nofollow\"\n                        data-faceted-search-facet>\n                        {{{sanitize title}}}\n                        {{#if ../show_product_counts}}\n                            <span>({{count}})</span>\n                        {{/if}}\n                    </a>\n                </li>\n            {{/each}}\n        </ul>\n\n        {{#if show_more_toggle}}\n            <a href=\"#facetedSearch-navList--{{dashcase facet}}\" role=\"button\" class=\"toggleLink\">\n                <span class=\"toggleLink-text toggleLink-text--off\">{{lang 'search.faceted.show-more'}}</span>\n            </a>\n        {{/if}}\n    </div>\n</div>\n{{/if}}\n",
  "components/faceted-search/facets/hierarchy-children": "<ul class=\"navList navList--inner\">\n    {{#each this}}\n        <li class=\"navList-item\">\n            <a\n            href=\"{{url}}\"\n            class=\"navList-action navList-action--checkbox{{#if selected}} is-selected{{/if}}{{#if has_sub_categories}} has-children{{/if}}\"\n            rel=\"nofollow\"\n            data-id=\"{{id}}\"\n            data-faceted-search-facet>\n                {{{sanitize title}}}\n                {{#if ../show_product_counts}}\n                    {{#if count}}\n                        <span>({{count}})</span>\n                    {{/if}}\n                {{/if}}\n            </a>\n            {{#if children}}\n                {{> components/faceted-search/facets/hierarchy-children children}}\n            {{/if}}\n        </li>\n    {{/each}}\n</ul>\n",
  "components/faceted-search/facets/range": "<div class=\"accordion-block\">\n    {{> components/faceted-search/faceted-search-navigation}}\n\n    <div id=\"facetedSearch-content--{{dashcase facet}}\"\n        class=\"accordion-content{{#unless start_collapsed}} is-open{{/unless}}\">\n        <ul class=\"navList navList-priceRange\">\n            <!-- Render checkboxes from JS -->\n        </ul>\n    </div>\n</div>\n",
  "components/faceted-search/facets/rating": "{{#if items}}\n<div class=\"accordion-block\">\n    {{> components/faceted-search/faceted-search-navigation}}\n\n    <div id=\"facetedSearch-content--{{dashcase facet}}\" class=\"accordion-content facetedSearch-content--{{dashcase facet}}{{#unless start_collapsed}} is-open{{/unless}}\">\n        <ul class=\"navList\">\n            {{#each items}}\n                <li class=\"navList-item\">\n                    <a href=\"{{url}}\"\n                       class=\"navList-action{{#if selected}} is-selected{{/if}}\"\n                       rel=\"nofollow\"\n                       data-faceted-search-facet>\n                        <span class=\"rating--small\">\n                            {{> components/products/ratings rating=title}}\n                        </span>\n                        {{lang 'search.faceted.rating.and-up'}}\n                        {{#if ../show_product_counts}}\n                            <span>({{count}})</span>\n                        {{/if}}\n                    </a>\n                </li>\n            {{/each}}\n        </ul>\n    </div>\n</div>\n{{/if}}\n",
  "components/faceted-search/facets/hierarchy": "{{#if items}}\n<div class=\"accordion-block\">\n    {{> components/faceted-search/faceted-search-navigation}}\n\n    <div id=\"facetedSearch-content--{{dashcase facet}}\" class=\"accordion-content{{#unless start_collapsed}} is-open{{/unless}}\">\n        <ul id=\"facetedSearch-navList--{{dashcase facet}}\" class=\"navList\" data-facet=\"{{facet}}\" data-has-more-results=\"{{has_more_results}}\">\n            {{#each items}}\n                <li class=\"navList-item\">\n                    <a\n                        href=\"{{url}}\"\n                        class=\"navList-action navList-action--checkbox{{#if selected }} is-selected{{/if}}{{#if has_sub_categories}} has-children{{/if}}\"\n                        rel=\"nofollow\"\n                        data-id=\"{{id}}\"\n                        data-faceted-search-facet>\n                        {{{sanitize title}}}\n                        {{#if ../show_product_counts}}\n                            <span>({{count}})</span>\n                        {{/if}}\n                    </a>\n                    {{#if children}}\n                        {{> components/faceted-search/facets/hierarchy-children children}}\n                    {{/if}}\n                </li>\n            {{/each}}\n        </ul>\n\n        {{#if show_more_toggle}}\n            <a href=\"#facetedSearch-navList--{{dashcase facet}}\" role=\"button\" class=\"toggleLink\">\n                <span class=\"toggleLink-text toggleLink-text--off\">{{lang 'search.faceted.show-more'}}</span>\n            </a>\n        {{/if}}\n    </div>\n</div>\n{{/if}}\n",
  "components/products/ratings": "<span role=\"img\"\n    {{#if rating_target}}\n      aria-label=\"{{lang 'products.reviews.rating_aria_label' rating_target=rating_target current_rating=rating max_rating=5}}\"\n    {{else}}\n      aria-label=\"{{lang 'products.reviews.rating_aria_label' rating_target='Product' current_rating=rating max_rating=5}}\"\n    {{/if}}\n>\n    {{#for 1 5}}\n        {{#if ../this.rating '>=' $index}}\n            <span class=\"icon icon--ratingFull\">\n                <svg>\n                    <use href=\"#icon-star\" />\n                </svg>\n            </span>\n        {{else}}\n            <span class=\"icon icon--ratingEmpty\">\n                <svg>\n                    <use href=\"#icon-star\" />\n                </svg>\n            </span>\n        {{/if}}\n    {{/for}}\n</span>\n",
  "components/faceted-search/faceted-search-navigation": "<div class=\"accordion-nav-clear-holder\">\n    <button type=\"button\"\n         class=\"accordion-navigation toggleLink{{#unless start_collapsed}} is-open{{/unless}}\"\n         data-collapsible=\"#facetedSearch-content--{{dashcase facet}}\"\n         aria-label=\"{{lang 'search.faceted.toggleSection' title=title}}\"\n    >\n        <span>\n            {{title}}\n        </span>\n\n        <span class=\"indicator--desktop\">\n            <svg class=\"icon accordion-indicator toggleLink-text toggleLink-text--off\">\n                <use href=\"#arrow-dropdown-down-download\" />\n            </svg>\n            <svg class=\"icon accordion-indicator toggleLink-text toggleLink-text--on\">\n                <use href=\"#arrow-dropdown-down-download\" />\n            </svg>\n        </span>\n\n        <span class=\"indicator--mobile\">\n            <svg class=\"icon accordion-indicator toggleLink-text toggleLink-text--off\">\n                <use href=\"#icon-expand-plus\" />\n            </svg>\n            <span class=\"accordion-indicator toggleLink-text toggleLink-text--on\">\n                —\n            </span>\n        </span>\n    </button>\n</div>\n"
}