{
  "components/common/breadcrumbs": "<nav aria-label=\"Breadcrumb\">\n    <ol class=\"breadcrumbs\">\n        {{#unless theme_settings.hide_breadcrumbs }}\n            {{#each breadcrumbs}}\n            {{#if name '===' 'Your Account'}}\n                <li class=\"breadcrumb {{#if @last}}is-active{{/if}}\">\n                    <a class=\"breadcrumb-label\"\n                    href=\"{{lang 'account.url'}}\"\n                    {{#if @last}}aria-current=\"page\"{{/if}}\n                    >\n                        <span>{{lang 'account.breadcrumb'}}</span>\n                    </a>\n                </li>\n            {{else if name '===' 'My Account'}}\n                <li class=\"breadcrumb {{#if @last}}is-active{{/if}}\">\n                    <a class=\"breadcrumb-label\"\n                    href=\"{{lang 'account.url'}}\"\n                    {{#if @last}}aria-current=\"page\"{{/if}}\n                    >\n                        <span>{{lang 'account.breadcrumb'}}</span>\n                    </a>\n                </li> \n            {{else}}\n                <li class=\"breadcrumb {{#if @last}}is-active{{/if}}\">\n                    <a class=\"breadcrumb-label\"\n                    href=\"{{url}}\"\n                    {{#if @last}}aria-current=\"page\"{{/if}}\n                    >\n                        <span>{{#if ../isLookbook '==' 'true'}}{{#if name '==' 'Edit Wishlist'}}Edit Lookbook{{else}}{{name}}{{/if}}{{else}}{{name}}{{/if}}</span>\n                    </a>\n                </li>\n            {{/if}}\n            {{/each}}\n        {{/unless}}\n    </ol>\n</nav>\n\n<script type=\"application/ld+json\">\n{\n    \"@context\": \"https://schema.org\",\n    \"@type\": \"BreadcrumbList\",\n    \"itemListElement\":\n    [\n        {{#each breadcrumbs}}\n        {\n            \"@type\": \"ListItem\",\n            \"position\": {{add @index 1}},\n            \"item\": {\n                \"@id\": {{{JSONstringify url}}},\n                \"name\": {{{JSONstringify name}}}\n            }\n        }{{#unless @last}},{{/unless}}\n        {{/each}}\n    ]\n}\n</script>\n"
}